id1,id2,r_qg,n_loci_qg,r_lr,pas,n_loci_pas
SB001,SB002,-0.208657,13,-0.371029,0.038462,13
SB001,SB003,0.008188,11,0.209705,0.181818,11
SB001,AF004,0.0397,13,0.003176,0.192308,13
SB001,AF005,0.012272,13,0.02185,0.173077,13
SB001,AF006,0.026206,13,0.059725,0.192308,13
SB001,AF007,0.048432,13,0.173478,0.192308,13
SB001,JUV008,-0.076276,12,-0.112787,0.104167,12
SB001,JUV009,0.147957,13,0.193731,0.269231,13
SB001,JUV010,0.037306,11,0.225846,0.227273,11
SB001,SB011,-0.111119,12,-0.245485,0.083333,12
SB001,SB012,-0.089727,13,-0.145168,0.115385,13
SB001,AF013,-0.084725,11,-0.212031,0.090909,11
SB001,AF014,-0.025518,13,0.084622,0.173077,13
SB001,AF015,0.004813,13,0.022881,0.153846,13
SB001,AF016,-0.087718,13,-0.168489,0.115385,13
SB001,JUV017,0.031427,13,0.210022,0.230769,13
SB001,JUV018,0.053145,13,0.195843,0.230769,13
SB001,JUV019,0.026312,13,0.24149,0.192308,13
SB001,JUV020,0.017849,13,0.219005,0.230769,13
SB001,SB021,0.032593,13,0.167056,0.211538,13
SB001,AF022,0.004277,12,-0.03223,0.145833,12
SB001,AF023,0.034483,12,0.018437,0.208333,12
SB001,AF024,-0.107845,12,-0.217895,0.0625,12
SB001,AF025,-0.057238,13,-0.100782,0.115385,13
SB001,AF026,0.068031,12,0.082812,0.229167,12
SB001,AF027,-0.014997,12,0.020839,0.1875,12
SB001,JUV028,-0.033941,11,-0.151738,0.136364,11
SB001,JUV029,-0.018881,12,0.031675,0.145833,12
SB001,JUV030,-0.052216,12,-0.058721,0.166667,12
SB001,JUV031,-0.120997,13,-0.26615,0.057692,13
SB001,JUV032,-0.016582,11,-0.032855,0.181818,11
SB001,SB033,0.022503,11,-0.067943,0.181818,11
SB001,SB034,-0.103513,11,-0.246001,0.090909,11
SB001,AF035,0.008761,13,-0.023694,0.173077,13
SB001,AF036,0.029011,13,0.222029,0.230769,13
SB001,AF037,0.001506,12,-0.008101,0.208333,12
SB001,AF038,0.016979,12,-0.035519,0.166667,12
SB001,AF039,-0.075368,12,-0.17167,0.125,12
SB001,JUV040,0.010355,13,0.001646,0.211538,13
SB001,JUV041,0.014805,13,-0.051168,0.173077,13
SB001,SB042,-0.012893,13,0.060509,0.173077,13
SB001,SB043,0.014877,11,0.132246,0.227273,11
SB001,SB044,-0.067983,13,-0.162183,0.134615,13
SB001,AF045,0.000772,13,0.006792,0.173077,13
SB001,AF046,-0.08731,13,-0.191144,0.115385,13
SB001,AF047,0.00365,13,-0.113995,0.153846,13
SB001,AF048,-0.070808,12,-0.147304,0.125,12
SB001,AF049,-0.109488,12,-0.248726,0.083333,12
SB001,AF050,-0.021613,11,-0.015983,0.181818,11
SB001,JUV051,0.025465,12,0.146071,0.1875,12
SB001,JUV052,0.089634,12,0.051784,0.25,12
SB001,JUV053,-0.12404,13,-0.184313,0.096154,13
SB001,JUV054,-0.010118,12,0.019199,0.208333,12
SB001,SB055,-0.010368,11,-0.078773,0.204545,11
SB001,AF056,-0.10842,13,-0.187463,0.076923,13
SB001,AF057,0.040876,12,0.052873,0.208333,12
SB001,AF058,0.040636,12,0.003497,0.208333,12
SB001,AF059,0.063403,12,0.222912,0.25,12
SB001,AF060,0.102695,12,0.270397,0.291667,12
SB001,AF061,0.055094,13,0.031161,0.230769,13
SB001,JUV062,-2.7e-05,12,-0.025279,0.145833,12
SB001,JUV063,0.032179,12,0.164981,0.229167,12
SB002,SB003,-0.082659,13,-0.138695,0.153846,13
SB002,AF004,-0.136534,15,-0.256915,0.1,15
SB002,AF005,-0.039837,15,-0.07171,0.166667,15
SB002,AF006,-0.025093,15,0.056579,0.2,15
SB002,AF007,-0.125446,15,-0.223786,0.083333,15
SB002,JUV008,0.333656,14,0.461893,0.482143,14
SB002,JUV009,-0.116007,15,-0.196003,0.1,15
SB002,JUV010,-0.212722,13,-0.389299,0.038462,13
SB002,SB011,0.069082,13,0.109692,0.25,13
SB002,SB012,0.017771,14,0.179913,0.25,14
SB002,AF013,0.08233,13,0.228323,0.25,13
SB002,AF014,-0.029297,15,0.075062,0.216667,15
SB002,AF015,-0.081649,15,-0.149652,0.133333,15
SB002,AF016,0.105671,15,0.177253,0.3,15
SB002,JUV017,0.000842,15,0.14165,0.25,15
SB002,JUV018,-0.039065,15,-0.078186,0.2,15
SB002,JUV019,0.01121,15,-0.047464,0.216667,15
SB002,JUV020,0.037494,15,0.207227,0.283333,15
SB002,SB021,-0.090679,15,-0.069688,0.15,15
SB002,AF022,-0.024046,14,-0.062359,0.160714,14
SB002,AF023,-0.057607,14,0.071052,0.196429,14
SB002,AF024,-0.036419,14,0.072023,0.160714,14
SB002,AF025,-0.046457,15,-0.074467,0.166667,15
SB002,AF026,0.001581,14,0.105354,0.214286,14
SB002,AF027,-0.033448,14,0.021695,0.196429,14
SB002,JUV028,-0.033561,13,-0.06086,0.153846,13
SB002,JUV029,-0.089016,13,-0.18939,0.134615,13
SB002,JUV030,0.078219,14,0.38845,0.303571,14
SB002,JUV031,0.059856,15,0.240344,0.25,15
SB002,JUV032,-0.078606,13,-0.031429,0.153846,13
SB002,SB033,0.076351,13,0.201018,0.25,13
SB002,SB034,0.028054,13,0.150542,0.230769,13
SB002,AF035,-0.08992,15,-0.140897,0.133333,15
SB002,AF036,0.092577,15,0.204149,0.316667,15
SB002,AF037,-0.041827,13,0.085716,0.211538,13
SB002,AF038,-0.051661,14,-0.120353,0.160714,14
SB002,AF039,0.01746,13,0.16479,0.230769,13
SB002,JUV040,0.058726,15,0.237351,0.283333,15
SB002,JUV041,0.033937,14,0.010535,0.232143,14
SB002,SB042,0.094832,15,0.172405,0.3,15
SB002,SB043,-0.064609,13,0.050938,0.192308,13
SB002,SB044,0.09258,15,0.365156,0.3,15
SB002,AF045,0.011652,15,0.17662,0.216667,15
SB002,AF046,0.042926,15,0.158219,0.25,15
SB002,AF047,-0.042054,15,-0.101831,0.166667,15
SB002,AF048,-0.002324,14,0.005705,0.214286,14
SB002,AF049,-0.035362,14,-0.018296,0.178571,14
SB002,AF050,0.105289,13,0.288342,0.307692,13
SB002,JUV051,-0.028814,14,-0.038595,0.178571,14
SB002,JUV052,0.038301,14,0.059737,0.25,14
SB002,JUV053,0.153463,15,0.368476,0.35,15
SB002,JUV054,0.137797,14,0.459026,0.357143,14
SB002,SB055,-0.02825,13,0.152779,0.211538,13
SB002,AF056,-0.046805,15,-0.051622,0.166667,15
SB002,AF057,-0.122493,14,-0.158311,0.107143,14
SB002,AF058,0.021092,14,0.125683,0.232143,14
SB002,AF059,0.007448,14,0.074165,0.232143,14
SB002,AF060,-0.148273,14,-0.214462,0.125,14
SB002,AF061,0.0545,15,0.256293,0.266667,15
SB002,JUV062,-0.066238,14,-0.071254,0.160714,14
SB002,JUV063,-0.138578,14,-0.21022,0.142857,14
SB003,AF004,0.052683,13,0.077626,0.230769,13
SB003,AF005,0.035997,13,0.152071,0.211538,13
SB003,AF006,-0.072705,13,-0.117639,0.134615,13
SB003,AF007,-0.0157,13,0.132118,0.153846,13
SB003,JUV008,-0.074915,12,-0.099547,0.125,12
SB003,JUV009,0.073941,13,0.128429,0.230769,13
SB003,JUV010,0.317279,11,0.542301,0.454545,11
SB003,SB011,-0.10764,11,-0.171036,0.113636,11
SB003,SB012,0.0532,12,0.092046,0.25,12
SB003,AF013,-0.012665,11,-0.033469,0.159091,11
SB003,AF014,-0.00995,13,0.115237,0.230769,13
SB003,AF015,-0.014597,13,-0.049825,0.173077,13
SB003,AF016,0.093476,13,0.212003,0.269231,13
SB003,JUV017,-0.053965,13,0.046943,0.192308,13
SB003,JUV018,0.020654,13,0.271571,0.230769,13
SB003,JUV019,0.004091,13,0.108103,0.192308,13
SB003,JUV020,0.036337,13,0.196659,0.269231,13
SB003,SB021,0.064466,13,0.092144,0.25,13
SB003,AF022,0.016682,12,-0.009808,0.166667,12
SB003,AF023,-0.011315,12,0.059569,0.1875,12
SB003,AF024,0.01249,12,0.012885,0.166667,12
SB003,AF025,0.018427,13,0.049994,0.192308,13
SB003,AF026,-0.037724,12,0.015624,0.166667,12
SB003,AF027,-0.018355,12,-0.02615,0.1875,12
SB003,JUV028,-0.137418,11,-0.306859,0.045455,11
SB003,JUV029,-0.042788,11,-0.151558,0.136364,11
SB003,JUV030,-0.062933,12,-0.12009,0.166667,12
SB003,JUV031,0.021749,13,0.030529,0.192308,13
SB003,JUV032,0.058299,11,0.152804,0.25,11
SB003,SB033,-0.021016,12,-0.053998,0.145833,12
SB003,SB034,-0.077445,11,-0.152144,0.113636,11
SB003,AF035,-0.082303,13,-0.130703,0.115385,13
SB003,AF036,0.050897,13,0.239708,0.269231,13
SB003,AF037,-0.099963,11,-0.184712,0.136364,11
SB003,AF038,-0.101882,12,-0.177741,0.104167,12
SB003,AF039,-0.072698,11,-0.228236,0.159091,11
SB003,JUV040,-0.071061,13,-0.116663,0.153846,13
SB003,JUV041,-0.07698,12,-0.11779,0.104167,12
SB003,SB042,0.058987,13,0.141382,0.25,13
SB003,SB043,-0.01186,11,0.131585,0.204545,11
SB003,SB044,-0.048929,13,-0.088144,0.153846,13
SB003,AF045,-0.102872,13,-0.241447,0.096154,13
SB003,AF046,-0.046061,13,-0.049822,0.153846,13
SB003,AF047,-0.039525,13,-0.160959,0.134615,13
SB003,AF048,-0.000374,12,0.020731,0.1875,12
SB003,AF049,-0.012729,12,-0.044972,0.166667,12
SB003,AF050,0.109684,11,0.090048,0.272727,11
SB003,JUV051,0.167307,12,0.252722,0.3125,12
SB003,JUV052,-0.013994,12,-0.007866,0.1875,12
SB003,JUV053,-0.120596,13,-0.202476,0.115385,13
SB003,JUV054,-0.086053,12,-0.142933,0.145833,12
SB003,SB055,0.081129,11,0.117249,0.272727,11
SB003,AF056,-0.060141,13,-0.123685,0.134615,13
SB003,AF057,-0.051893,12,-0.126738,0.125,12
SB003,AF058,-0.049969,12,-0.088927,0.125,12
SB003,AF059,-0.003198,12,0.143516,0.208333,12
SB003,AF060,0.116087,12,0.315005,0.3125,12
SB003,AF061,-0.04059,13,-0.05554,0.173077,13
SB003,JUV062,0.016806,12,0.004801,0.166667,12
SB003,JUV063,0.040078,12,0.188761,0.25,12
AF004,AF005,0.084511,15,0.117731,0.233333,15
AF004,AF006,0.059569,15,0.12694,0.233333,15
AF004,AF007,-0.020229,15,-0.02175,0.133333,15
AF004,JUV008,-0.108558,14,-0.163309,0.089286,14
AF004,JUV009,0.291871,15,0.504369,0.4,15
AF004,JUV010,-0.021765,13,-0.035875,0.173077,13
AF004,SB011,0.054125,13,0.131428,0.230769,13
AF004,SB012,0.011627,14,0.055785,0.196429,14
AF004,AF013,-0.064861,13,-0.116091,0.115385,13
AF004,AF014,-0.00571,15,-0.006911,0.2,15
AF004,AF015,0.023425,15,0.073636,0.183333,15
AF004,AF016,-0.017008,15,-0.066635,0.166667,15
AF004,JUV017,0.023926,15,-0.00738,0.233333,15
AF004,JUV018,0.00523,15,0.031073,0.2,15
AF004,JUV019,0.114772,15,0.229591,0.266667,15
AF004,JUV020,-0.002937,15,-0.05892,0.216667,15
AF004,SB021,0.077551,15,0.144255,0.25,15
AF004,AF022,0.082605,14,0.172597,0.214286,14
AF004,AF023,0.074279,14,0.106099,0.25,14
AF004,AF024,-0.114293,14,-0.216932,0.053571,14
AF004,AF025,-0.043266,15,-0.069718,0.133333,15
AF004,AF026,-0.02113,14,-0.090416,0.160714,14
AF004,AF027,-0.011847,14,0.000267,0.178571,14
AF004,JUV028,0.065063,13,0.126814,0.211538,13
AF004,JUV029,0.040307,13,0.125255,0.192308,13
AF004,JUV030,-0.160601,14,-0.329813,0.071429,14
AF004,JUV031,-0.060824,15,-0.024287,0.116667,15
AF004,JUV032,-0.014028,13,0.030145,0.192308,13
AF004,SB033,-0.0171,13,-0.114301,0.153846,13
AF004,SB034,-0.157302,13,-0.355578,0.038462,13
AF004,AF035,-0.024873,15,0.037465,0.15,15
AF004,AF036,-0.03197,15,-0.037932,0.183333,15
AF004,AF037,0.04128,13,0.101609,0.230769,13
AF004,AF038,0.102831,14,0.287259,0.25,14
AF004,AF039,0.007218,13,0.050124,0.192308,13
AF004,JUV040,0.018269,15,0.022895,0.216667,15
AF004,JUV041,0.04897,14,0.119938,0.196429,14
AF004,SB042,-0.069364,15,-0.040869,0.133333,15
AF004,SB043,0.015704,13,0.035595,0.211538,13
AF004,SB044,-0.11289,15,-0.258139,0.1,15
AF004,AF045,-0.067718,15,-0.176313,0.116667,15
AF004,AF046,0.003319,15,-0.043488,0.183333,15
AF004,AF047,0.001515,15,0.055651,0.166667,15
AF004,AF048,0.005018,14,-0.018377,0.178571,14
AF004,AF049,0.059665,14,0.145101,0.214286,14
AF004,AF050,-0.103076,13,-0.17489,0.096154,13
AF004,JUV051,-0.069922,14,-0.113618,0.107143,14
AF004,JUV052,-0.099531,14,-0.158022,0.107143,14
AF004,JUV053,-0.094744,15,-0.119845,0.116667,15
AF004,JUV054,-0.148288,14,-0.27763,0.089286,14
AF004,SB055,-0.077804,13,-0.184807,0.134615,13
AF004,AF056,-0.043607,15,-0.041478,0.133333,15
AF004,AF057,-0.025277,14,-0.097767,0.142857,14
AF004,AF058,0.004705,14,-0.051513,0.178571,14
AF004,AF059,0.072317,14,0.198032,0.25,14
AF004,AF060,-0.048333,14,-0.080217,0.160714,14
AF004,AF061,-0.047111,15,-0.074336,0.15,15
AF004,JUV062,-0.022529,14,-0.057334,0.142857,14
AF004,JUV063,-0.039738,14,-0.030611,0.178571,14
AF005,AF006,-0.02962,15,-0.10363,0.15,15
AF005,AF007,-0.02735,15,-0.109163,0.116667,15
AF005,JUV008,0.171047,14,0.383525,0.303571,14
AF005,JUV009,0.162533,15,0.257879,0.283333,15
AF005,JUV010,0.020139,13,0.030648,0.192308,13
AF005,SB011,0.069752,13,0.05471,0.230769,13
AF005,SB012,-0.014993,14,-0.020106,0.178571,14
AF005,AF013,0.023135,13,0.061751,0.173077,13
AF005,AF014,0.028044,15,0.015298,0.216667,15
AF005,AF015,-0.024222,15,-0.124296,0.133333,15
AF005,AF016,0.056899,15,0.150653,0.216667,15
AF005,JUV017,0.036969,15,0.013174,0.233333,15
AF005,JUV018,0.141184,15,0.356368,0.3,15
AF005,JUV019,-0.034688,15,-0.052685,0.133333,15
AF005,JUV020,0.093538,15,0.168421,0.283333,15
AF005,SB021,0.008509,15,0.014362,0.183333,15
AF005,AF022,-0.050035,14,-0.142033,0.089286,14
AF005,AF023,0.063428,14,0.101364,0.232143,14
AF005,AF024,-0.061788,14,-0.070886,0.089286,14
AF005,AF025,0.010132,15,-0.040248,0.166667,15
AF005,AF026,-0.016003,14,-0.069752,0.160714,14
AF005,AF027,-0.016243,14,-0.002631,0.160714,14
AF005,JUV028,-0.043971,13,-0.009676,0.115385,13
AF005,JUV029,-0.029104,13,-0.088153,0.134615,13
AF005,JUV030,-0.106199,14,-0.257601,0.107143,14
AF005,JUV031,-0.108007,15,-0.228335,0.066667,15
AF005,JUV032,-0.019734,13,0.077274,0.173077,13
AF005,SB033,-0.05139,13,-0.143895,0.115385,13
AF005,SB034,-0.059864,13,-0.177815,0.096154,13
AF005,AF035,0.068798,15,0.091567,0.216667,15
AF005,AF036,-0.039291,15,-0.037451,0.166667,15
AF005,AF037,-0.125485,13,-0.279571,0.096154,13
AF005,AF038,-0.051127,14,-0.043029,0.107143,14
AF005,AF039,0.003088,13,0.013251,0.173077,13
AF005,JUV040,-0.051055,15,-0.088862,0.15,15
AF005,JUV041,0.001319,14,0.041659,0.160714,14
AF005,SB042,0.046119,15,0.070049,0.216667,15
AF005,SB043,-0.039441,13,-0.151996,0.153846,13
AF005,SB044,-0.180922,15,-0.343905,0.033333,15
AF005,AF045,0.04652,15,-0.033044,0.2,15
AF005,AF046,-0.14617,15,-0.246403,0.05,15
AF005,AF047,-0.046031,15,-0.085517,0.116667,15
AF005,AF048,-0.072644,14,-0.100763,0.107143,14
AF005,AF049,-0.104272,14,-0.186934,0.071429,14
AF005,AF050,-0.018829,13,-0.004913,0.153846,13
AF005,JUV051,0.011727,14,0.029534,0.160714,14
AF005,JUV052,-0.101357,14,-0.248924,0.089286,14
AF005,JUV053,0.021172,15,0.040121,0.2,15
AF005,JUV054,-0.115894,14,-0.246843,0.107143,14
AF005,SB055,-0.075743,13,-0.163489,0.115385,13
AF005,AF056,0.009803,15,0.047763,0.166667,15
AF005,AF057,-0.015906,14,-0.008296,0.142857,14
AF005,AF058,0.003996,14,-0.0851,0.160714,14
AF005,AF059,0.132803,14,0.262631,0.285714,14
AF005,AF060,0.005526,14,0.041312,0.196429,14
AF005,AF061,-0.095023,15,-0.160715,0.1,15
AF005,JUV062,0.01022,14,-0.031981,0.160714,14
AF005,JUV063,-0.017915,14,-0.008728,0.178571,14
AF006,AF007,-0.033194,15,-0.092865,0.133333,15
AF006,JUV008,0.074157,14,0.153382,0.25,14
AF006,JUV009,-0.043752,15,-0.157553,0.133333,15
AF006,JUV010,-0.107673,13,-0.140308,0.115385,13
AF006,SB011,-0.115379,13,-0.277846,0.076923,13
AF006,SB012,-0.024512,14,0.064389,0.178571,14
AF006,AF013,0.111979,13,0.269276,0.25,13
AF006,AF014,0.147967,15,0.375155,0.333333,15
AF006,AF015,-0.009712,15,-0.087055,0.166667,15
AF006,AF016,-0.009625,15,0.035378,0.183333,15
AF006,JUV017,0.052738,15,0.195751,0.266667,15
AF006,JUV018,0.199628,15,0.269357,0.366667,15
AF006,JUV019,-0.102077,15,-0.197176,0.1,15
AF006,JUV020,0.089,15,0.322662,0.3,15
AF006,SB021,-0.203401,15,-0.372037,0.033333,15
AF006,AF022,0.075656,14,0.079165,0.214286,14
AF006,AF023,0.151781,14,0.303357,0.339286,14
AF006,AF024,-0.044342,14,-0.164233,0.125,14
AF006,AF025,-0.097353,15,-0.182972,0.1,15
AF006,AF026,-0.070846,14,0.03129,0.142857,14
AF006,AF027,-0.019338,14,0.020554,0.178571,14
AF006,JUV028,-0.022775,13,-0.052955,0.153846,13
AF006,JUV029,-0.153637,13,-0.287487,0.038462,13
AF006,JUV030,-0.066314,14,0.060422,0.160714,14
AF006,JUV031,-0.013016,15,-0.102964,0.166667,15
AF006,JUV032,-0.117923,13,-0.191785,0.115385,13
AF006,SB033,-0.049401,13,-0.121372,0.134615,13
AF006,SB034,0.092032,13,0.245877,0.25,13
AF006,AF035,0.064146,15,0.160491,0.233333,15
AF006,AF036,-0.108269,15,-0.034474,0.133333,15
AF006,AF037,0.082713,13,0.297926,0.269231,13
AF006,AF038,0.222576,14,0.36698,0.357143,14
AF006,AF039,0.048045,13,0.239399,0.230769,13
AF006,JUV040,0.130167,15,0.402405,0.316667,15
AF006,JUV041,0.013779,14,-0.05038,0.178571,14
AF006,SB042,-0.020928,15,0.062575,0.183333,15
AF006,SB043,-0.072071,13,0.032008,0.153846,13
AF006,SB044,0.018121,15,0.13934,0.216667,15
AF006,AF045,0.041571,15,0.278581,0.216667,15
AF006,AF046,-0.009725,15,-0.080497,0.183333,15
AF006,AF047,-0.052166,15,-0.0849,0.133333,15
AF006,AF048,-0.033024,14,-0.08511,0.160714,14
AF006,AF049,0.022279,14,-0.065722,0.196429,14
AF006,AF050,-0.14773,13,-0.205489,0.076923,13
AF006,JUV051,-0.086575,14,-0.098395,0.107143,14
AF006,JUV052,-0.106024,14,-0.180054,0.107143,14
AF006,JUV053,0.03654,15,0.165093,0.233333,15
AF006,JUV054,0.081467,14,0.254923,0.285714,14
AF006,SB055,-0.131983,13,-0.253834,0.096154,13
AF006,AF056,0.004385,15,0.092269,0.183333,15
AF006,AF057,0.002298,14,0.099217,0.178571,14
AF006,AF058,-0.119894,14,-0.155562,0.089286,14
AF006,AF059,-0.089798,14,-0.17938,0.125,14
AF006,AF060,0.002053,14,0.054935,0.214286,14
AF006,AF061,0.063402,15,0.262071,0.25,15
AF006,JUV062,-0.14553,14,-0.342345,0.071429,14
AF006,JUV063,-0.077547,14,-0.098462,0.160714,14
AF007,JUV008,-0.116953,14,-0.279682,0.053571,14
AF007,JUV009,0.038278,15,0.008849,0.166667,15
AF007,JUV010,0.180988,13,0.35334,0.307692,13
AF007,SB011,0.029514,13,0.040769,0.173077,13
AF007,SB012,0.044736,14,0.029247,0.214286,14
AF007,AF013,-0.141776,13,-0.323345,0.019231,13
AF007,AF014,0.023968,15,0.193449,0.2,15
AF007,AF015,-0.06765,15,-0.145565,0.083333,15
AF007,AF016,0.032514,15,0.02125,0.183333,15
AF007,JUV017,0.073958,15,0.187446,0.25,15
AF007,JUV018,-0.026409,15,0.054655,0.15,15
AF007,JUV019,0.041951,15,0.207409,0.183333,15
AF007,JUV020,0.026986,15,0.149583,0.216667,15
AF007,SB021,-0.035806,15,-0.059808,0.133333,15
AF007,AF022,-0.08584,14,-0.27871,0.053571,14
AF007,AF023,-0.076856,14,-0.174746,0.089286,14
AF007,AF024,-0.091073,14,-0.263042,0.053571,14
AF007,AF025,-0.053691,15,-0.05835,0.1,15
AF007,AF026,-8.2e-05,14,-0.041964,0.160714,14
AF007,AF027,0.012142,14,-0.016348,0.178571,14
AF007,JUV028,0.00535,13,-0.112117,0.134615,13
AF007,JUV029,-0.072998,13,-0.233526,0.076923,13
AF007,JUV030,-0.048345,14,-0.110568,0.142857,14
AF007,JUV031,0.08873,15,0.006856,0.216667,15
AF007,JUV032,-0.119811,13,-0.305731,0.057692,13
AF007,SB033,-0.06847,13,-0.1877,0.076923,13
AF007,SB034,0.022379,13,-0.040185,0.173077,13
AF007,AF035,0.144511,15,0.157471,0.266667,15
AF007,AF036,0.018667,15,0.132814,0.2,15
AF007,AF037,0.043354,13,0.03081,0.211538,13
AF007,AF038,-0.021184,14,-0.102738,0.125,14
AF007,AF039,-0.064172,13,-0.149801,0.115385,13
AF007,JUV040,-0.054506,15,-0.122466,0.133333,15
AF007,JUV041,-0.0475,14,-0.095222,0.107143,14
AF007,SB042,-0.099822,15,-0.184091,0.083333,15
AF007,SB043,0.130785,13,0.312856,0.288462,13
AF007,SB044,-0.081945,15,-0.210158,0.1,15
AF007,AF045,0.022339,15,-0.060253,0.166667,15
AF007,AF046,0.032419,15,0.01117,0.183333,15
AF007,AF047,0.010419,15,-0.046309,0.15,15
AF007,AF048,0.048862,14,-0.056758,0.196429,14
AF007,AF049,0.059703,14,0.067693,0.196429,14
AF007,AF050,-0.043801,13,-0.065363,0.134615,13
AF007,JUV051,-0.049607,14,-0.103764,0.107143,14
AF007,JUV052,0.011383,14,0.037752,0.160714,14
AF007,JUV053,-0.003123,15,-0.076233,0.166667,15
AF007,JUV054,-0.013564,14,-0.094859,0.178571,14
AF007,SB055,0.063066,13,0.085482,0.230769,13
AF007,AF056,-0.034035,15,-0.109373,0.116667,15
AF007,AF057,-0.024305,14,-0.110781,0.125,14
AF007,AF058,-0.145778,14,-0.332504,0.035714,14
AF007,AF059,0.0082,14,0.176083,0.178571,14
AF007,AF060,-0.047103,14,0.046496,0.142857,14
AF007,AF061,-0.017156,15,-0.061527,0.15,15
AF007,JUV062,-0.000151,14,-0.042093,0.125,14
AF007,JUV063,0.115951,14,0.332298,0.285714,14
JUV008,JUV009,-0.019826,14,0.059055,0.142857,14
JUV008,JUV010,-0.057515,12,-0.101374,0.125,12
JUV008,SB011,-0.08093,12,-0.223556,0.104167,12
JUV008,SB012,0.026647,13,0.099133,0.230769,13
JUV008,AF013,0.106031,12,0.108695,0.25,12
JUV008,AF014,-0.069603,14,-0.131106,0.160714,14
JUV008,AF015,-0.069877,14,-0.192261,0.107143,14
JUV008,AF016,0.056979,14,0.132202,0.232143,14
JUV008,JUV017,-0.073674,14,-0.082484,0.160714,14
JUV008,JUV018,0.034473,14,0.087947,0.232143,14
JUV008,JUV019,-0.145344,14,-0.266549,0.053571,14
JUV008,JUV020,0.00971,14,0.017388,0.232143,14
JUV008,SB021,-0.126669,14,-0.225646,0.089286,14
JUV008,AF022,-0.053117,13,-0.117032,0.096154,13
JUV008,AF023,-0.092794,13,-0.128646,0.134615,13
JUV008,AF024,-0.02498,13,-0.000645,0.134615,13
JUV008,AF025,-0.03186,14,-0.011963,0.142857,14
JUV008,AF026,0.016879,13,-0.017144,0.192308,13
JUV008,AF027,0.05606,13,0.188673,0.230769,13
JUV008,JUV028,-0.050077,12,-0.05357,0.125,12
JUV008,JUV029,-0.089362,12,-0.162046,0.104167,12
JUV008,JUV030,0.099506,13,0.190841,0.288462,13
JUV008,JUV031,0.01131,14,-0.06819,0.178571,14
JUV008,JUV032,-0.106834,12,-0.131585,0.104167,12
JUV008,SB033,-0.047914,12,-0.119603,0.125,12
JUV008,SB034,0.021965,12,0.033652,0.1875,12
JUV008,AF035,0.031061,14,0.129482,0.196429,14
JUV008,AF036,0.028104,14,0.025049,0.232143,14
JUV008,AF037,-0.13612,12,-0.21224,0.104167,12
JUV008,AF038,-0.052304,13,-0.077322,0.115385,13
JUV008,AF039,0.113963,12,0.11816,0.270833,12
JUV008,JUV040,-0.033681,14,0.05976,0.178571,14
JUV008,JUV041,-0.02323,13,0.009231,0.153846,13
JUV008,SB042,0.138687,14,0.273045,0.303571,14
JUV008,SB043,0.001569,12,-0.12003,0.208333,12
JUV008,SB044,-0.040191,14,-0.125662,0.160714,14
JUV008,AF045,0.048502,14,0.167141,0.214286,14
JUV008,AF046,-0.073479,14,-0.202495,0.125,14
JUV008,AF047,-0.070665,14,-0.166565,0.107143,14
JUV008,AF048,-0.053548,13,-0.094919,0.134615,13
JUV008,AF049,-0.093526,13,-0.136576,0.096154,13
JUV008,AF050,0.127215,12,0.071391,0.291667,12
JUV008,JUV051,0.079734,13,0.112039,0.230769,13
JUV008,JUV052,0.014645,13,-0.038671,0.192308,13
JUV008,JUV053,0.13208,14,0.198427,0.303571,14
JUV008,JUV054,0.085558,13,0.184148,0.288462,13
JUV008,SB055,-0.099809,12,-0.223749,0.104167,12
JUV008,AF056,-0.054332,14,-0.014552,0.125,14
JUV008,AF057,-0.025903,13,0.082908,0.153846,13
JUV008,AF058,-0.023654,13,-0.025861,0.153846,13
JUV008,AF059,-0.115818,13,-0.201952,0.096154,13
JUV008,AF060,-0.067454,13,-0.118352,0.153846,13
JUV008,AF061,0.070171,14,0.187335,0.25,14
JUV008,JUV062,-0.122266,13,-0.269003,0.076923,13
JUV008,JUV063,-0.075499,13,-0.154455,0.153846,13
JUV009,JUV010,0.043936,13,0.089271,0.211538,13
JUV009,SB011,0.05807,13,0.197282,0.211538,13
JUV009,SB012,-0.00079,14,0.002331,0.178571,14
JUV009,AF013,-0.06367,13,-0.143552,0.096154,13
JUV009,AF014,-0.068633,15,-0.181946,0.133333,15
JUV009,AF015,0.001877,15,-0.129302,0.15,15
JUV009,AF016,0.002077,15,-0.0806,0.166667,15
JUV009,JUV017,0.001691,15,-0.030954,0.2,15
JUV009,JUV018,0.00386,15,0.002999,0.183333,15
JUV009,JUV019,0.072124,15,0.10881,0.216667,15
JUV009,JUV020,0.016494,15,-0.03673,0.216667,15
JUV009,SB021,0.055201,15,0.11216,0.216667,15
JUV009,AF022,0.02914,14,0.011305,0.160714,14
JUV009,AF023,-0.017632,14,-0.111286,0.160714,14
JUV009,AF024,-0.091133,14,-0.199296,0.053571,14
JUV009,AF025,-0.003977,15,-0.105997,0.15,15
JUV009,AF026,0.035706,14,0.065164,0.196429,14
JUV009,AF027,-0.022412,14,-0.057236,0.160714,14
JUV009,JUV028,-0.007566,13,-0.012017,0.134615,13
JUV009,JUV029,0.098953,13,0.148781,0.230769,13
JUV009,JUV030,-0.070369,14,-0.203769,0.125,14
JUV009,JUV031,-0.021421,15,0.036607,0.133333,15
JUV009,JUV032,-0.064095,13,-0.072436,0.134615,13
JUV009,SB033,-0.021966,13,-0.06014,0.134615,13
JUV009,SB034,-0.099055,13,-0.20301,0.076923,13
JUV009,AF035,-0.046051,15,-0.029868,0.116667,15
JUV009,AF036,0.008205,15,0.047296,0.2,15
JUV009,AF037,0.006236,13,-0.044305,0.192308,13
JUV009,AF038,-0.007125,14,0.042594,0.142857,14
JUV009,AF039,-0.092534,13,-0.199471,0.096154,13
JUV009,JUV040,-0.065281,15,-0.196978,0.133333,15
JUV009,JUV041,-0.027808,14,-0.030345,0.125,14
JUV009,SB042,-0.008983,15,0.026584,0.166667,15
JUV009,SB043,0.016223,13,0.006646,0.192308,13
JUV009,SB044,-0.092788,15,-0.202157,0.1,15
JUV009,AF045,-0.028123,15,-0.14117,0.133333,15
JUV009,AF046,-0.07897,15,-0.156294,0.1,15
JUV009,AF047,0.040303,15,0.077133,0.183333,15
JUV009,AF048,-0.037598,14,-0.08036,0.125,14
JUV009,AF049,-0.047741,14,-0.037904,0.107143,14
JUV009,AF050,-0.076226,13,-0.165433,0.096154,13
JUV009,JUV051,-0.090584,14,-0.188827,0.071429,14
JUV009,JUV052,-0.053998,14,-0.144788,0.125,14
JUV009,JUV053,-0.095189,15,-0.156344,0.1,15
JUV009,JUV054,-0.101907,14,-0.184858,0.107143,14
JUV009,SB055,-0.065137,13,-0.190238,0.134615,13
JUV009,AF056,-0.084688,15,-0.065844,0.083333,15
JUV009,AF057,0.040009,14,0.10333,0.178571,14
JUV009,AF058,0.023799,14,-0.083061,0.178571,14
JUV009,AF059,0.0832,14,0.210212,0.25,14
JUV009,AF060,-0.069113,14,-0.11054,0.125,14
JUV009,AF061,-0.088659,15,-0.198188,0.1,15
JUV009,JUV062,0.037616,14,0.068795,0.178571,14
JUV009,JUV063,-0.041907,14,-0.048742,0.160714,14
JUV010,SB011,0.042707,11,0.191557,0.25,11
JUV010,SB012,0.016375,12,0.09215,0.208333,12
JUV010,AF013,-0.128788,11,-0.208942,0.090909,11
JUV010,AF014,-0.077467,13,-0.033408,0.153846,13
JUV010,AF015,0.005242,13,-0.078015,0.173077,13
JUV010,AF016,-0.022262,13,-0.044564,0.173077,13
JUV010,JUV017,-0.061766,13,-0.026177,0.192308,13
JUV010,JUV018,0.01249,13,0.162016,0.211538,13
JUV010,JUV019,0.046766,13,0.195655,0.230769,13
JUV010,JUV020,0.071764,13,0.275328,0.288462,13
JUV010,SB021,0.085215,13,0.088026,0.25,13
JUV010,AF022,-0.113747,12,-0.280008,0.083333,12
JUV010,AF023,-0.057278,12,-0.189948,0.145833,12
JUV010,AF024,-0.105751,12,-0.261629,0.083333,12
JUV010,AF025,-0.042213,13,-0.061081,0.153846,13
JUV010,AF026,-0.040321,12,-0.103171,0.166667,12
JUV010,AF027,0.088731,12,0.186255,0.270833,12
JUV010,JUV028,-0.176906,12,-0.37417,0.020833,12
JUV010,JUV029,-0.068005,11,-0.155952,0.113636,11
JUV010,JUV030,0.030784,12,0.03448,0.229167,12
JUV010,JUV031,-0.012011,13,0.016129,0.153846,13
JUV010,JUV032,-0.020308,12,-0.018598,0.1875,12
JUV010,SB033,-0.100038,12,-0.224412,0.083333,12
JUV010,SB034,0.030168,11,0.03158,0.204545,11
JUV010,AF035,0.121467,13,0.154892,0.269231,13
JUV010,AF036,-0.009776,13,0.137969,0.211538,13
JUV010,AF037,-0.042767,11,0.005283,0.181818,11
JUV010,AF038,-0.074319,13,-0.191733,0.115385,13
JUV010,AF039,-0.114298,11,-0.231715,0.113636,11
JUV010,JUV040,-0.103623,13,-0.217401,0.134615,13
JUV010,JUV041,-0.11927,12,-0.214837,0.083333,12
JUV010,SB042,-0.142405,13,-0.222536,0.076923,13
JUV010,SB043,0.112874,12,0.351844,0.3125,12
JUV010,SB044,-0.121035,13,-0.241363,0.096154,13
JUV010,AF045,-0.147741,13,-0.27002,0.057692,13
JUV010,AF046,-0.025745,13,-0.08824,0.153846,13
JUV010,AF047,0.068684,13,0.146923,0.230769,13
JUV010,AF048,-0.034539,12,-0.007611,0.166667,12
JUV010,AF049,0.012015,12,-0.062516,0.1875,12
JUV010,AF050,-0.031358,11,-0.176438,0.159091,11
JUV010,JUV051,0.022215,12,-0.119919,0.1875,12
JUV010,JUV052,0.09631,12,0.177389,0.270833,12
JUV010,JUV053,-0.170666,13,-0.322026,0.057692,13
JUV010,JUV054,-0.117211,12,-0.178329,0.125,12
JUV010,SB055,0.168108,12,0.200608,0.333333,12
JUV010,AF056,-0.025512,13,-0.037618,0.153846,13
JUV010,AF057,-0.051086,12,-0.026765,0.145833,12
JUV010,AF058,-0.07776,12,-0.144608,0.125,12
JUV010,AF059,-0.033492,12,0.133623,0.1875,12
JUV010,AF060,0.156479,12,0.391177,0.333333,12
JUV010,AF061,0.002185,13,-0.029336,0.192308,13
JUV010,JUV062,0.114807,12,0.105605,0.25,12
JUV010,JUV063,0.302856,12,0.559731,0.458333,12
SB011,SB012,-0.097738,12,-0.202648,0.125,12
SB011,AF013,-0.020594,12,-0.024714,0.145833,12
SB011,AF014,-0.073916,13,-0.100483,0.134615,13
SB011,AF015,-0.05098,13,-0.074373,0.134615,13
SB011,AF016,0.055633,13,0.105385,0.230769,13
SB011,JUV017,0.157601,13,0.257984,0.326923,13
SB011,JUV018,-0.05409,13,-0.155536,0.153846,13
SB011,JUV019,0.230354,13,0.487959,0.365385,13
SB011,JUV020,0.145047,13,0.33564,0.326923,13
SB011,SB021,-0.016765,13,0.02622,0.192308,13
SB011,AF022,-0.042154,12,-0.064369,0.125,12
SB011,AF023,-0.045042,12,-0.082587,0.145833,12
SB011,AF024,-0.002212,12,0.005445,0.166667,12
SB011,AF025,0.039919,13,0.01401,0.211538,13
SB011,AF026,0.006931,12,0.008262,0.166667,12
SB011,AF027,-0.039334,12,-0.010179,0.166667,12
SB011,JUV028,-0.023084,11,0.053076,0.136364,11
SB011,JUV029,0.019765,11,0.040967,0.204545,11
SB011,JUV030,-0.052947,12,-0.073867,0.145833,12
SB011,JUV031,0.004353,13,-0.029692,0.173077,13
SB011,JUV032,-0.018386,11,0.064559,0.204545,11
SB011,SB033,-0.015508,11,-0.067585,0.159091,11
SB011,SB034,-0.081503,11,-0.153506,0.090909,11
SB011,AF035,-0.026683,13,-0.031764,0.153846,13
SB011,AF036,0.085064,13,0.233499,0.269231,13
SB011,AF037,0.057026,11,0.289949,0.25,11
SB011,AF038,-0.076717,12,-0.17845,0.104167,12
SB011,AF039,-0.00879,12,0.027985,0.166667,12
SB011,JUV040,-0.033523,13,-0.04161,0.173077,13
SB011,JUV041,0.016383,12,-0.01645,0.1875,12
SB011,SB042,-0.058953,13,-0.196397,0.153846,13
SB011,SB043,0.019419,11,0.137989,0.204545,11
SB011,SB044,-0.040038,13,-0.010121,0.153846,13
SB011,AF045,0.039724,13,-0.012953,0.192308,13
SB011,AF046,-0.038883,13,-0.044286,0.153846,13
SB011,AF047,0.09012,13,0.247429,0.25,13
SB011,AF048,0.015105,12,0.044438,0.1875,12
SB011,AF049,0.001968,12,0.039421,0.1875,12
SB011,AF050,-0.085584,11,-0.169252,0.113636,11
SB011,JUV051,-0.118687,12,-0.319434,0.083333,12
SB011,JUV052,-0.008548,12,0.047079,0.166667,12
SB011,JUV053,-0.032337,13,-0.064269,0.153846,13
SB011,JUV054,-0.108674,12,-0.174265,0.104167,12
SB011,SB055,0.000421,11,0.101665,0.227273,11
SB011,AF056,-0.021733,13,-0.108384,0.153846,13
SB011,AF057,-0.048482,12,-0.141343,0.125,12
SB011,AF058,-0.002532,12,-0.028939,0.1875,12
SB011,AF059,0.090366,12,0.262911,0.270833,12
SB011,AF060,-0.121854,12,-0.139643,0.125,12
SB011,AF061,-0.082893,13,-0.150534,0.115385,13
SB011,JUV062,0.040556,12,0.176102,0.208333,12
SB011,JUV063,-0.002546,12,0.149352,0.229167,12
SB012,AF013,0.005433,12,0.110582,0.1875,12
SB012,AF014,0.015915,14,0.081247,0.232143,14
SB012,AF015,-0.0671,14,-0.153174,0.125,14
SB012,AF016,0.025719,14,0.106946,0.232143,14
SB012,JUV017,-0.118637,14,-0.133027,0.142857,14
SB012,JUV018,0.023057,14,0.102569,0.232143,14
SB012,JUV019,-0.085459,14,-0.170841,0.125,14
SB012,JUV020,-0.034536,14,0.011791,0.214286,14
SB012,SB021,-0.036704,14,0.105598,0.178571,14
SB012,AF022,-0.048189,13,-0.16208,0.115385,13
SB012,AF023,-0.122663,13,-0.196269,0.115385,13
SB012,AF024,-0.060793,13,-0.133104,0.115385,13
SB012,AF025,-0.037878,14,0.073507,0.160714,14
SB012,AF026,0.030306,13,0.044349,0.230769,13
SB012,AF027,-0.016456,13,0.011146,0.192308,13
SB012,JUV028,0.009058,12,-0.118886,0.166667,12
SB012,JUV029,-0.046085,13,-0.049609,0.153846,13
SB012,JUV030,0.031119,13,0.159636,0.25,13
SB012,JUV031,0.016998,14,0.066522,0.196429,14
SB012,JUV032,-0.045225,12,-0.051359,0.166667,12
SB012,SB033,0.014963,12,-0.068274,0.1875,12
SB012,SB034,0.122994,12,0.184499,0.291667,12
SB012,AF035,-0.00984,14,-0.02923,0.178571,14
SB012,AF036,0.045982,14,0.049212,0.267857,14
SB012,AF037,-0.071582,13,-0.134786,0.173077,13
SB012,AF038,-0.075443,13,-0.205906,0.115385,13
SB012,AF039,-0.116333,12,-0.181034,0.104167,12
SB012,JUV040,0.059718,14,0.157893,0.267857,14
SB012,JUV041,-0.029382,14,-0.095653,0.160714,14
SB012,SB042,0.087708,14,0.212807,0.285714,14
SB012,SB043,0.080134,12,0.092051,0.291667,12
SB012,SB044,-0.038149,14,-0.077734,0.178571,14
SB012,AF045,-0.001587,14,-0.003386,0.196429,14
SB012,AF046,-0.10511,14,-0.036529,0.125,14
SB012,AF047,0.040609,14,0.02486,0.214286,14
SB012,AF048,-0.079877,13,-0.166156,0.134615,13
SB012,AF049,-0.065408,13,-0.080003,0.134615,13
SB012,AF050,0.163169,12,0.355136,0.333333,12
SB012,JUV051,0.129573,13,0.202775,0.288462,13
SB012,JUV052,-0.077847,13,-0.097637,0.153846,13
SB012,JUV053,0.124143,14,0.249945,0.321429,14
SB012,JUV054,-0.008739,13,0.001224,0.230769,13
SB012,SB055,0.019554,12,0.241199,0.229167,12
SB012,AF056,0.009273,14,0.077021,0.196429,14
SB012,AF057,0.002972,13,0.012826,0.192308,13
SB012,AF058,-0.052232,13,0.006412,0.173077,13
SB012,AF059,0.028815,13,0.087225,0.230769,13
SB012,AF060,0.008156,13,0.081145,0.230769,13
SB012,AF061,-0.033758,14,-0.086901,0.178571,14
SB012,JUV062,-0.085559,13,-0.101986,0.115385,13
SB012,JUV063,-0.009441,13,0.021515,0.230769,13
AF013,AF014,-0.024362,13,-0.042184,0.153846,13
AF013,AF015,-0.029717,13,-0.119986,0.134615,13
AF013,AF016,0.048209,13,0.169192,0.211538,13
AF013,JUV017,-0.038142,13,-0.033909,0.153846,13
AF013,JUV018,-0.030928,13,-0.058577,0.153846,13
AF013,JUV019,-0.158486,13,-0.363938,0.019231,13
AF013,JUV020,-0.023024,13,0.028647,0.173077,13
AF013,SB021,-0.12913,13,-0.262154,0.076923,13
AF013,AF022,0.085205,12,0.124716,0.208333,12
AF013,AF023,-0.029868,12,-0.027535,0.145833,12
AF013,AF024,0.174328,12,0.285078,0.291667,12
AF013,AF025,-0.088818,13,-0.29667,0.096154,13
AF013,AF026,-0.058854,12,-0.110575,0.104167,12
AF013,AF027,-0.047724,12,-0.056968,0.125,12
AF013,JUV028,0.050147,11,0.021715,0.181818,11
AF013,JUV029,-0.153932,11,-0.344774,0.045455,11
AF013,JUV030,-0.008467,12,-0.040606,0.166667,12
AF013,JUV031,-0.025585,13,-0.092517,0.134615,13
AF013,JUV032,0.027908,11,0.083608,0.227273,11
AF013,SB033,0.009681,11,0.166455,0.159091,11
AF013,SB034,0.046329,11,-0.022526,0.159091,11
AF013,AF035,-0.120275,13,-0.244129,0.057692,13
AF013,AF036,-0.090975,13,-0.126848,0.115385,13
AF013,AF037,-0.052387,11,-0.044468,0.136364,11
AF013,AF038,-0.001004,12,-0.009156,0.145833,12
AF013,AF039,0.066933,11,0.058459,0.204545,11
AF013,JUV040,-0.070516,13,-0.063996,0.115385,13
AF013,JUV041,-0.105626,12,-0.241656,0.0625,12
AF013,SB042,0.168025,13,0.351787,0.326923,13
AF013,SB043,-0.038066,11,-0.019536,0.136364,11
AF013,SB044,0.056037,13,0.16586,0.211538,13
AF013,AF045,0.008447,13,0.038017,0.153846,13
AF013,AF046,-0.039367,13,-0.180954,0.134615,13
AF013,AF047,0.087176,13,0.142542,0.230769,13
AF013,AF048,-0.074239,12,-0.157942,0.104167,12
AF013,AF049,-0.069023,12,-0.065212,0.104167,12
AF013,AF050,0.054112,12,0.244688,0.208333,12
AF013,JUV051,0.034847,13,0.124792,0.192308,13
AF013,JUV052,-0.006344,12,0.002231,0.166667,12
AF013,JUV053,0.037832,13,0.031453,0.192308,13
AF013,JUV054,0.108429,12,0.321439,0.270833,12
AF013,SB055,0.011092,11,0.166142,0.204545,11
AF013,AF056,-0.072184,13,-0.10344,0.096154,13
AF013,AF057,0.146772,12,0.247729,0.270833,12
AF013,AF058,0.120397,12,0.296546,0.270833,12
AF013,AF059,-0.046865,12,-0.081615,0.125,12
AF013,AF060,0.08638,12,0.160907,0.270833,12
AF013,AF061,-0.078758,13,-0.174731,0.096154,13
AF013,JUV062,-0.105109,12,-0.19386,0.083333,12
AF013,JUV063,0.000695,12,-0.017957,0.208333,12
AF014,AF015,0.027603,15,0.037427,0.216667,15
AF014,AF016,0.007246,15,0.019062,0.216667,15
AF014,JUV017,0.304606,15,0.626689,0.483333,15
AF014,JUV018,0.219259,15,0.435494,0.4,15
AF014,JUV019,0.058571,15,0.272868,0.25,15
AF014,JUV020,0.192803,15,0.524127,0.4,15
AF014,SB021,-0.00079,15,-0.003223,0.216667,15
AF014,AF022,-0.022333,14,-0.051124,0.160714,14
AF014,AF023,0.092416,14,0.296332,0.285714,14
AF014,AF024,-0.072253,14,-0.140653,0.125,14
AF014,AF025,-0.123055,15,-0.202214,0.1,15
AF014,AF026,0.069547,14,0.215513,0.267857,14
AF014,AF027,-0.054151,14,-0.083545,0.178571,14
AF014,JUV028,0.008288,13,-0.123598,0.192308,13
AF014,JUV029,-0.087214,13,-0.193868,0.115385,13
AF014,JUV030,-0.050002,14,0.075608,0.196429,14
AF014,JUV031,-0.078913,15,-0.113692,0.133333,15
AF014,JUV032,-0.035267,13,-0.030788,0.192308,13
AF014,SB033,-0.122095,13,-0.200576,0.096154,13
AF014,SB034,-0.059134,13,0.043062,0.153846,13
AF014,AF035,-0.021613,15,0.032034,0.183333,15
AF014,AF036,-0.092308,15,0.111547,0.166667,15
AF014,AF037,0.080999,13,0.293113,0.288462,13
AF014,AF038,0.042453,14,0.093691,0.232143,14
AF014,AF039,-0.01257,13,0.082483,0.211538,13
AF014,JUV040,0.001331,15,0.163865,0.233333,15
AF014,JUV041,-0.100167,14,-0.153628,0.107143,14
AF014,SB042,-0.045969,15,-0.069622,0.183333,15
AF014,SB043,0.065818,13,0.328184,0.288462,13
AF014,SB044,-0.048377,15,0.065905,0.183333,15
AF014,AF045,-0.023851,15,0.098772,0.183333,15
AF014,AF046,-0.05531,15,-0.076246,0.166667,15
AF014,AF047,-0.097878,15,-0.121021,0.116667,15
AF014,AF048,0.005795,14,-0.00985,0.214286,14
AF014,AF049,-0.049352,14,-0.117152,0.160714,14
AF014,AF050,-0.099741,13,-0.168835,0.134615,13
AF014,JUV051,-0.084883,14,-0.178803,0.125,14
AF014,JUV052,-0.087568,14,-0.122782,0.142857,14
AF014,JUV053,0.012157,15,0.136113,0.233333,15
AF014,JUV054,-0.014069,14,0.073114,0.232143,14
AF014,SB055,-0.100867,13,-0.144209,0.153846,13
AF014,AF056,0.062669,15,0.149342,0.25,15
AF014,AF057,-0.047367,14,-0.115063,0.160714,14
AF014,AF058,-0.077568,14,-0.154201,0.142857,14
AF014,AF059,0.099227,14,0.279783,0.303571,14
AF014,AF060,-0.04872,14,0.00761,0.196429,14
AF014,AF061,0.039434,15,0.209732,0.25,15
AF014,JUV062,-0.049702,14,-0.126247,0.142857,14
AF014,JUV063,-0.033723,14,0.037214,0.214286,14
AF015,AF016,0.01587,15,0.119575,0.183333,15
AF015,JUV017,-0.025704,15,-0.018182,0.183333,15
AF015,JUV018,0.079281,15,0.0952,0.25,15
AF015,JUV019,0.126475,15,0.261683,0.266667,15
AF015,JUV020,-0.031753,15,-0.146546,0.183333,15
AF015,SB021,0.028452,15,0.035526,0.2,15
AF015,AF022,-0.021178,14,-0.098296,0.125,14
AF015,AF023,0.066087,14,0.096611,0.232143,14
AF015,AF024,0.106682,14,0.099504,0.232143,14
AF015,AF025,0.050009,15,0.061933,0.2,15
AF015,AF026,-0.09263,14,-0.182185,0.089286,14
AF015,AF027,0.013618,14,0.079585,0.196429,14
AF015,JUV028,-0.031174,13,0.046294,0.115385,13
AF015,JUV029,0.028281,13,-0.035076,0.173077,13
AF015,JUV030,0.045597,14,0.16238,0.232143,14
AF015,JUV031,-0.048079,15,-0.098345,0.116667,15
AF015,JUV032,0.08682,13,0.199041,0.25,13
AF015,SB033,0.030579,13,0.023999,0.173077,13
AF015,SB034,-0.083184,13,-0.255468,0.096154,13
AF015,AF035,-0.012323,15,-0.036584,0.15,15
AF015,AF036,-0.16378,15,-0.280964,0.066667,15
AF015,AF037,-0.018618,13,-0.081747,0.173077,13
AF015,AF038,-0.036399,14,-0.073438,0.125,14
AF015,AF039,0.060653,13,0.073487,0.230769,13
AF015,JUV040,-0.07209,15,-0.177434,0.133333,15
AF015,JUV041,-0.028414,14,-0.085077,0.125,14
AF015,SB042,0.004853,15,-0.013487,0.183333,15
AF015,SB043,-0.002005,13,-0.013838,0.192308,13
AF015,SB044,-0.017879,15,-0.063994,0.166667,15
AF015,AF045,-0.014497,15,-0.121976,0.15,15
AF015,AF046,-0.004529,15,0.026717,0.166667,15
AF015,AF047,0.054091,15,0.092742,0.2,15
AF015,AF048,-0.075685,14,-0.139926,0.107143,14
AF015,AF049,-0.020756,14,-0.126846,0.142857,14
AF015,AF050,-0.117695,13,-0.199363,0.076923,13
AF015,JUV051,-0.033219,14,-0.058786,0.125,14
AF015,JUV052,0.06973,14,0.205911,0.232143,14
AF015,JUV053,-0.102057,15,-0.188275,0.1,15
AF015,JUV054,-0.030097,14,-0.086389,0.178571,14
AF015,SB055,-0.027035,13,0.025144,0.173077,13
AF015,AF056,-0.010792,15,-0.015342,0.15,15
AF015,AF057,0.024407,14,-0.100118,0.178571,14
AF015,AF058,-0.068728,14,-0.108103,0.107143,14
AF015,AF059,0.009639,14,0.019651,0.196429,14
AF015,AF060,0.135265,14,0.193594,0.303571,14
AF015,AF061,-0.034289,15,-0.073745,0.15,15
AF015,JUV062,-0.008514,14,-0.079048,0.142857,14
AF015,JUV063,0.018502,14,0.038822,0.214286,14
AF016,JUV017,-0.02577,15,-0.023226,0.2,15
AF016,JUV018,0.121658,15,0.288623,0.3,15
AF016,JUV019,-0.014901,15,-0.099678,0.166667,15
AF016,JUV020,0.031166,15,0.060593,0.25,15
AF016,SB021,-0.012252,15,-0.066671,0.183333,15
AF016,AF022,-0.02937,14,-0.04997,0.125,14
AF016,AF023,0.022937,14,0.131579,0.214286,14
AF016,AF024,0.005421,14,0.180103,0.160714,14
AF016,AF025,0.030338,15,0.123477,0.2,15
AF016,AF026,-0.004354,14,0.033239,0.178571,14
AF016,AF027,-0.060813,14,-0.084474,0.142857,14
AF016,JUV028,-0.04834,13,-0.037948,0.115385,13
AF016,JUV029,-0.03513,13,-0.106739,0.153846,13
AF016,JUV030,-0.014873,14,0.026291,0.196429,14
AF016,JUV031,-0.048384,15,-0.095659,0.133333,15
AF016,JUV032,-0.005558,13,0.155333,0.192308,13
AF016,SB033,-0.016658,13,0.055345,0.153846,13
AF016,SB034,0.032692,13,0.041453,0.192308,13
AF016,AF035,-0.032644,15,0.033262,0.15,15
AF016,AF036,-0.039953,15,-0.089646,0.183333,15
AF016,AF037,-0.084509,13,-0.15984,0.153846,13
AF016,AF038,-0.127841,14,-0.280511,0.071429,14
AF016,AF039,-0.069792,13,-0.081117,0.134615,13
AF016,JUV040,-0.031054,15,-0.025721,0.183333,15
AF016,JUV041,-0.06806,14,-0.171139,0.125,14
AF016,SB042,-0.015534,15,0.018161,0.183333,15
AF016,SB043,0.000472,13,-0.036158,0.211538,13
AF016,SB044,-0.059162,15,-0.104728,0.15,15
AF016,AF045,-0.055263,15,-0.105116,0.133333,15
AF016,AF046,-0.004391,15,-0.020098,0.183333,15
AF016,AF047,-0.107719,15,-0.214921,0.083333,15
AF016,AF048,0.039421,14,0.003282,0.214286,14
AF016,AF049,0.006857,14,0.082021,0.178571,14
AF016,AF050,-0.024537,13,-0.064728,0.173077,13
AF016,JUV051,-0.040046,14,-0.031429,0.142857,14
AF016,JUV052,0.006183,14,-0.026781,0.196429,14
AF016,JUV053,0.000456,15,0.00993,0.2,15
AF016,JUV054,-0.046622,14,-0.079089,0.178571,14
AF016,SB055,0.007675,13,0.097866,0.211538,13
AF016,AF056,0.030008,15,0.149981,0.2,15
AF016,AF057,-0.056641,14,-0.132876,0.125,14
AF016,AF058,0.025596,14,0.121377,0.196429,14
AF016,AF059,-0.020756,14,-0.055212,0.178571,14
AF016,AF060,0.03095,14,0.101409,0.232143,14
AF016,AF061,-0.055051,15,-0.061416,0.15,15
AF016,JUV062,0.056523,14,0.105563,0.214286,14
AF016,JUV063,-0.063057,14,-0.1459,0.160714,14
JUV017,JUV018,-0.04533,15,0.048386,0.2,15
JUV017,JUV019,0.171977,15,0.314436,0.35,15
JUV017,JUV020,0.203035,15,0.561085,0.416667,15
JUV017,SB021,-0.055014,15,-0.02442,0.183333,15
JUV017,AF022,-0.065308,14,-0.171133,0.142857,14
JUV017,AF023,0.080075,14,0.365562,0.285714,14
JUV017,AF024,-0.104162,14,-0.220714,0.107143,14
JUV017,AF025,0.009761,15,0.049476,0.216667,15
JUV017,AF026,0.134868,14,0.298105,0.321429,14
JUV017,AF027,-0.09855,14,-0.144333,0.160714,14
JUV017,JUV028,-0.111289,13,-0.165248,0.115385,13
JUV017,JUV029,-0.085118,13,-0.170736,0.134615,13
JUV017,JUV030,-0.05999,14,0.004445,0.196429,14
JUV017,JUV031,-0.070649,15,-0.17386,0.15,15
JUV017,JUV032,-0.062024,13,-0.029548,0.192308,13
JUV017,SB033,-0.044796,13,-0.080428,0.173077,13
JUV017,SB034,-0.159753,13,-0.108706,0.096154,13
JUV017,AF035,-0.033789,15,-0.055354,0.183333,15
JUV017,AF036,0.022713,15,0.237836,0.266667,15
JUV017,AF037,0.060423,13,0.209435,0.288462,13
JUV017,AF038,-0.018654,14,-0.012008,0.196429,14
JUV017,AF039,0.02127,13,0.178325,0.25,13
JUV017,JUV040,0.010292,15,0.136436,0.25,15
JUV017,JUV041,-0.077683,14,-0.120186,0.142857,14
JUV017,SB042,0.067948,15,0.170178,0.283333,15
JUV017,SB043,0.026892,13,0.236861,0.269231,13
JUV017,SB044,-0.060872,15,0.01601,0.183333,15
JUV017,AF045,0.026478,15,0.173701,0.233333,15
JUV017,AF046,-0.109669,15,-0.133707,0.133333,15
JUV017,AF047,-0.068981,15,-0.111707,0.15,15
JUV017,AF048,-0.048639,14,-0.020418,0.178571,14
JUV017,AF049,0.007811,14,0.000628,0.214286,14
JUV017,AF050,-0.037877,13,-0.007674,0.192308,13
JUV017,JUV051,-0.076079,14,-0.074633,0.142857,14
JUV017,JUV052,-0.031983,14,-0.025577,0.196429,14
JUV017,JUV053,0.084475,15,0.242209,0.3,15
JUV017,JUV054,-0.001018,14,0.16698,0.25,14
JUV017,SB055,-0.203784,13,-0.281322,0.096154,13
JUV017,AF056,0.009421,15,0.078272,0.216667,15
JUV017,AF057,-0.012542,14,0.012638,0.196429,14
JUV017,AF058,0.016864,14,0.108131,0.232143,14
JUV017,AF059,0.056404,14,0.245398,0.285714,14
JUV017,AF060,-0.127056,14,-0.089135,0.142857,14
JUV017,AF061,-0.014581,15,0.178521,0.216667,15
JUV017,JUV062,-0.062752,14,-0.088546,0.142857,14
JUV017,JUV063,-0.074429,14,0.015405,0.196429,14
JUV018,JUV019,-0.054468,15,0.066068,0.15,15
JUV018,JUV020,0.139336,15,0.339247,0.35,15
JUV018,SB021,0.030989,15,0.066215,0.233333,15
JUV018,AF022,-0.027801,14,-0.059739,0.142857,14
JUV018,AF023,0.125681,14,0.292702,0.303571,14
JUV018,AF024,-0.022387,14,-0.014321,0.160714,14
JUV018,AF025,-0.04982,15,-0.018549,0.15,15
JUV018,AF026,-0.019062,14,0.000993,0.196429,14
JUV018,AF027,-0.081785,14,-0.129263,0.142857,14
JUV018,JUV028,-0.055522,13,-0.084181,0.134615,13
JUV018,JUV029,-0.037636,13,-0.073696,0.153846,13
JUV018,JUV030,-0.066485,14,-0.051121,0.178571,14
JUV018,JUV031,-0.067608,15,-0.161482,0.133333,15
JUV018,JUV032,-0.027268,13,0.023422,0.192308,13
JUV018,SB033,-0.060805,13,-0.114507,0.134615,13
JUV018,SB034,0.035088,13,0.011584,0.211538,13
JUV018,AF035,0.051115,15,0.14485,0.233333,15
JUV018,AF036,-0.059582,15,0.092289,0.183333,15
JUV018,AF037,-0.014231,13,-0.05738,0.211538,13
JUV018,AF038,0.035475,14,0.174971,0.214286,14
JUV018,AF039,-0.043183,13,-0.052285,0.173077,13
JUV018,JUV040,0.012419,15,0.157536,0.233333,15
JUV018,JUV041,-0.004991,14,0.05471,0.178571,14
JUV018,SB042,-0.097151,15,-0.124412,0.133333,15
JUV018,SB043,0.051677,13,0.177629,0.269231,13
JUV018,SB044,-0.120447,15,-0.229033,0.116667,15
JUV018,AF045,-0.074613,15,-0.09433,0.133333,15
JUV018,AF046,-0.126857,15,-0.186994,0.1,15
JUV018,AF047,-0.127501,15,-0.252548,0.083333,15
JUV018,AF048,-0.055105,14,-0.053512,0.160714,14
JUV018,AF049,-0.065475,14,-0.111891,0.142857,14
JUV018,AF050,-0.120499,13,-0.210422,0.115385,13
JUV018,JUV051,-0.075802,14,-0.103752,0.125,14
JUV018,JUV052,-0.058435,14,-0.134171,0.160714,14
JUV018,JUV053,-0.060335,15,-0.075136,0.166667,15
JUV018,JUV054,-0.098923,14,-0.182255,0.160714,14
JUV018,SB055,-0.053646,13,-0.081404,0.173077,13
JUV018,AF056,0.073189,15,0.129649,0.25,15
JUV018,AF057,-0.019252,14,0.073076,0.178571,14
JUV018,AF058,-0.126638,14,-0.22003,0.089286,14
JUV018,AF059,0.07026,14,0.253064,0.267857,14
JUV018,AF060,0.093056,14,0.277825,0.303571,14
JUV018,AF061,0.008617,15,-0.004106,0.216667,15
JUV018,JUV062,-0.037917,14,-0.117435,0.142857,14
JUV018,JUV063,-0.061737,14,-0.000343,0.178571,14
JUV019,JUV020,0.082866,15,0.255275,0.283333,15
JUV019,SB021,0.038596,15,0.1176,0.216667,15
JUV019,AF022,-0.009275,14,-0.074006,0.142857,14
JUV019,AF023,0.001699,14,0.007845,0.178571,14
JUV019,AF024,-0.074059,14,-0.213448,0.089286,14
JUV019,AF025,-0.000625,15,-0.047284,0.166667,15
JUV019,AF026,0.046585,14,0.027989,0.214286,14
JUV019,AF027,-0.018141,14,-0.029364,0.178571,14
JUV019,JUV028,-0.054722,13,-0.186521,0.115385,13
JUV019,JUV029,0.013225,13,0.015262,0.173077,13
JUV019,JUV030,-0.096875,14,-0.203616,0.125,14
JUV019,JUV031,-0.099155,15,-0.179824,0.083333,15
JUV019,JUV032,-0.006263,13,0.062933,0.192308,13
JUV019,SB033,0.027779,13,-0.030977,0.192308,13
JUV019,SB034,-0.147304,13,-0.259193,0.057692,13
JUV019,AF035,-0.002491,15,-0.035003,0.166667,15
JUV019,AF036,0.09485,15,0.270005,0.283333,15
JUV019,AF037,0.109429,13,0.2343,0.288462,13
JUV019,AF038,-0.007995,14,-0.084661,0.160714,14
JUV019,AF039,-0.099383,13,-0.165596,0.115385,13
JUV019,JUV040,0.020368,15,-0.014253,0.216667,15
JUV019,JUV041,0.040567,14,-0.015702,0.196429,14
JUV019,SB042,-0.087712,15,-0.131871,0.116667,15
JUV019,SB043,0.031922,13,0.21867,0.230769,13
JUV019,SB044,-0.110669,15,-0.231021,0.1,15
JUV019,AF045,-0.004665,15,-0.063274,0.166667,15
JUV019,AF046,-0.076219,15,-0.166794,0.116667,15
JUV019,AF047,0.003585,15,0.012538,0.166667,15
JUV019,AF048,0.067919,14,0.072399,0.232143,14
JUV019,AF049,0.05705,14,0.055608,0.214286,14
JUV019,AF050,-0.124789,13,-0.29512,0.076923,13
JUV019,JUV051,-0.106387,14,-0.218265,0.071429,14
JUV019,JUV052,-0.025782,14,-0.074999,0.160714,14
JUV019,JUV053,-0.051401,15,-0.050716,0.15,15
JUV019,JUV054,-0.128915,14,-0.184096,0.107143,14
JUV019,SB055,-0.089943,13,-0.147027,0.134615,13
JUV019,AF056,-0.041486,15,-0.057528,0.133333,15
JUV019,AF057,-0.071455,14,-0.22147,0.107143,14
JUV019,AF058,-0.020373,14,-0.079486,0.160714,14
JUV019,AF059,0.176856,14,0.532556,0.339286,14
JUV019,AF060,-0.07337,14,0.042554,0.142857,14
JUV019,AF061,0.016548,15,0.063291,0.2,15
JUV019,JUV062,-0.028943,14,-0.024265,0.125,14
JUV019,JUV063,-0.065458,14,0.072542,0.160714,14
JUV020,SB021,0.002052,15,-0.007673,0.233333,15
JUV020,AF022,-0.10318,14,-0.20719,0.107143,14
JUV020,AF023,0.006541,14,0.199704,0.232143,14
JUV020,AF024,-0.114434,14,-0.200605,0.107143,14
JUV020,AF025,-0.058799,15,-0.10516,0.166667,15
JUV020,AF026,0.005673,14,0.198556,0.232143,14
JUV020,AF027,-0.069377,14,-0.079825,0.178571,14
JUV020,JUV028,-0.131725,13,-0.250601,0.096154,13
JUV020,JUV029,-0.072481,13,-0.256137,0.153846,13
JUV020,JUV030,-0.04741,14,0.106248,0.214286,14
JUV020,JUV031,-0.035164,15,-0.070872,0.183333,15
JUV020,JUV032,-0.034456,13,0.008148,0.211538,13
JUV020,SB033,-0.061596,13,-0.104689,0.153846,13
JUV020,SB034,-0.076245,13,0.047778,0.153846,13
JUV020,AF035,-0.081661,15,-0.132019,0.15,15
JUV020,AF036,0.038036,15,0.347331,0.283333,15
JUV020,AF037,0.098955,13,0.328713,0.326923,13
JUV020,AF038,-0.043717,14,-0.080866,0.178571,14
JUV020,AF039,-0.02786,13,0.060945,0.211538,13
JUV020,JUV040,-0.038364,15,0.084692,0.216667,15
JUV020,JUV041,-0.084354,14,-0.183553,0.142857,14
JUV020,SB042,-0.043547,15,-0.018623,0.2,15
JUV020,SB043,0.094661,13,0.461555,0.326923,13
JUV020,SB044,-0.045974,15,0.015525,0.2,15
JUV020,AF045,-0.021254,15,0.133052,0.2,15
JUV020,AF046,-0.11604,15,-0.214889,0.133333,15
JUV020,AF047,0.028963,15,0.119168,0.233333,15
JUV020,AF048,-0.036209,14,-0.110288,0.196429,14
JUV020,AF049,-0.069261,14,-0.203532,0.160714,14
JUV020,AF050,-0.001613,13,0.024522,0.230769,13
JUV020,JUV051,-0.039633,14,0.000234,0.178571,14
JUV020,JUV052,-0.087811,14,-0.13423,0.160714,14
JUV020,JUV053,-0.027226,15,0.098321,0.216667,15
JUV020,JUV054,-0.057149,14,0.081587,0.214286,14
JUV020,SB055,-0.043941,13,-0.052559,0.211538,13
JUV020,AF056,-0.017407,15,-0.05382,0.2,15
JUV020,AF057,-0.067239,14,-0.105327,0.160714,14
JUV020,AF058,-0.0761,14,-0.091847,0.160714,14
JUV020,AF059,0.085135,14,0.319326,0.303571,14
JUV020,AF060,-0.00031,14,0.156962,0.25,14
JUV020,AF061,-0.020681,15,0.102858,0.216667,15
JUV020,JUV062,-0.047214,14,-0.172723,0.160714,14
JUV020,JUV063,0.014222,14,0.176449,0.267857,14
SB021,AF022,-0.022754,14,-0.057269,0.142857,14
SB021,AF023,-0.008341,14,0.019871,0.196429,14
SB021,AF024,-0.051368,14,-0.169402,0.125,14
SB021,AF025,0.063456,15,0.160945,0.233333,15
SB021,AF026,-0.080306,14,-0.173859,0.125,14
SB021,AF027,0.012418,14,0.01387,0.214286,14
SB021,JUV028,-0.119388,13,-0.265129,0.057692,13
SB021,JUV029,0.368149,13,0.729822,0.480769,13
SB021,JUV030,-0.028721,14,0.034682,0.196429,14
SB021,JUV031,-0.015625,15,0.168115,0.166667,15
SB021,JUV032,0.161342,13,0.383108,0.326923,13
SB021,SB033,-0.072554,13,-0.188406,0.096154,13
SB021,SB034,-0.035528,13,-0.100846,0.153846,13
SB021,AF035,-0.122512,15,-0.266953,0.083333,15
SB021,AF036,0.014678,15,0.057873,0.233333,15
SB021,AF037,0.109978,13,0.191688,0.307692,13
SB021,AF038,-0.084406,14,-0.206782,0.107143,14
SB021,AF039,-0.090128,13,-0.161588,0.134615,13
SB021,JUV040,-0.101819,15,-0.136451,0.133333,15
SB021,JUV041,-0.085384,14,-0.102436,0.107143,14
SB021,SB042,-0.085691,15,-0.091046,0.133333,15
SB021,SB043,-0.029494,13,-0.06636,0.192308,13
SB021,SB044,-0.108847,15,-0.187276,0.116667,15
SB021,AF045,-0.063387,15,-0.194631,0.133333,15
SB021,AF046,0.008236,15,0.19808,0.2,15
SB021,AF047,-0.034426,15,-0.082776,0.15,15
SB021,AF048,0.004071,14,0.054316,0.196429,14
SB021,AF049,0.015423,14,0.054121,0.196429,14
SB021,AF050,0.017275,13,0.176215,0.211538,13
SB021,JUV051,0.04688,14,0.131488,0.214286,14
SB021,JUV052,-0.006509,14,0.028525,0.196429,14
SB021,JUV053,-0.090553,15,-0.075338,0.133333,15
SB021,JUV054,-0.128435,14,-0.23514,0.125,14
SB021,SB055,0.096555,13,0.226426,0.288462,13
SB021,AF056,0.104021,15,0.175846,0.266667,15
SB021,AF057,-0.070469,14,-0.224162,0.125,14
SB021,AF058,-0.009457,14,-0.017955,0.178571,14
SB021,AF059,0.119732,14,0.209168,0.303571,14
SB021,AF060,0.017418,14,-0.006714,0.232143,14
SB021,AF061,0.019489,15,0.013631,0.216667,15
SB021,JUV062,0.199893,14,0.446826,0.339286,14
SB021,JUV063,-0.009575,14,-0.026594,0.214286,14
AF022,AF023,-0.007516,13,-0.000309,0.173077,13
AF022,AF024,0.18194,13,0.113466,0.269231,13
AF022,AF025,-0.059973,14,-0.087226,0.089286,14
AF022,AF026,0.009925,13,0.055361,0.173077,13
AF022,AF027,-0.069144,14,-0.139237,0.107143,14
AF022,JUV028,0.211482,12,0.421367,0.3125,12
AF022,JUV029,0.042438,12,0.075325,0.166667,12
AF022,JUV030,-0.056785,13,-0.23589,0.134615,13
AF022,JUV031,0.024898,14,-0.123723,0.160714,14
AF022,JUV032,0.068687,12,0.062582,0.229167,12
AF022,SB033,-0.035233,12,-0.091896,0.104167,12
AF022,SB034,-0.029542,13,-0.092652,0.115385,13
AF022,AF035,-0.031815,14,-0.004829,0.125,14
AF022,AF036,-0.045389,14,-0.144571,0.142857,14
AF022,AF037,-0.055052,12,-0.085299,0.125,12
AF022,AF038,0.154546,13,0.388863,0.269231,13
AF022,AF039,-0.055223,13,-0.13662,0.115385,13
AF022,JUV040,0.007604,14,0.091365,0.178571,14
AF022,JUV041,0.050303,13,0.218013,0.173077,13
AF022,SB042,-0.016628,14,0.014882,0.142857,14
AF022,SB043,-0.094842,12,-0.339046,0.104167,12
AF022,SB044,0.008681,14,0.030639,0.178571,14
AF022,AF045,-0.098402,14,-0.279474,0.071429,14
AF022,AF046,0.024588,14,0.097664,0.178571,14
AF022,AF047,0.025428,14,-0.004036,0.160714,14
AF022,AF048,0.127979,13,0.256315,0.25,13
AF022,AF049,0.015858,13,-0.067315,0.153846,13
AF022,AF050,-0.013847,12,-0.05248,0.145833,12
AF022,JUV051,-0.001713,13,0.023452,0.134615,13
AF022,JUV052,-0.015115,13,0.004877,0.153846,13
AF022,JUV053,-0.050587,14,-0.157183,0.125,14
AF022,JUV054,-0.103499,13,-0.196643,0.096154,13
AF022,SB055,0.018595,13,0.050379,0.192308,13
AF022,AF056,-0.054172,14,-0.168232,0.089286,14
AF022,AF057,-0.042598,13,-0.145331,0.096154,13
AF022,AF058,0.086696,13,0.133349,0.211538,13
AF022,AF059,0.013713,14,-1.5e-05,0.178571,14
AF022,AF060,-0.013392,13,-0.11836,0.153846,13
AF022,AF061,-0.118432,14,-0.300444,0.071429,14
AF022,JUV062,0.026037,13,0.09629,0.173077,13
AF022,JUV063,-0.107724,13,-0.224813,0.096154,13
AF023,AF024,0.019652,13,-0.069132,0.192308,13
AF023,AF025,-0.006381,14,0.064191,0.178571,14
AF023,AF026,-0.016255,13,0.130572,0.173077,13
AF023,AF027,-0.081823,13,-0.17448,0.153846,13
AF023,JUV028,0.028416,12,0.06277,0.208333,12
AF023,JUV029,-0.004302,12,0.028952,0.1875,12
AF023,JUV030,-0.104998,13,-0.03292,0.134615,13
AF023,JUV031,-0.132515,14,-0.269001,0.089286,14
AF023,JUV032,0.001004,12,0.094515,0.229167,12
AF023,SB033,-0.045177,12,-0.088862,0.145833,12
AF023,SB034,-0.050486,12,0.091816,0.166667,12
AF023,AF035,-0.00768,14,-0.11085,0.178571,14
AF023,AF036,-0.113853,14,-0.025173,0.125,14
AF023,AF037,0.064297,12,0.22811,0.270833,12
AF023,AF038,0.16865,13,0.235819,0.326923,13
AF023,AF039,0.045372,12,0.226977,0.270833,12
AF023,JUV040,0.17257,14,0.437107,0.357143,14
AF023,JUV041,0.085322,13,0.182966,0.25,13
AF023,SB042,-0.056181,14,-0.000856,0.160714,14
AF023,SB043,0.008848,12,0.137695,0.208333,12
AF023,SB044,-0.029873,14,0.073461,0.196429,14
AF023,AF045,-0.037787,14,0.080717,0.160714,14
AF023,AF046,0.071133,14,0.172043,0.267857,14
AF023,AF047,-0.104504,14,-0.221465,0.107143,14
AF023,AF048,0.019986,13,0.156816,0.211538,13
AF023,AF049,0.044334,13,0.116922,0.230769,13
AF023,AF050,-0.160162,12,-0.181622,0.083333,12
AF023,JUV051,-0.101389,13,-0.135049,0.096154,13
AF023,JUV052,-0.15012,13,-0.228266,0.076923,13
AF023,JUV053,0.036895,14,0.275562,0.25,14
AF023,JUV054,-0.074123,13,0.029161,0.173077,13
AF023,SB055,-0.146067,12,-0.248204,0.104167,12
AF023,AF056,-0.031495,14,0.002271,0.178571,14
AF023,AF057,-0.034266,13,-0.066693,0.153846,13
AF023,AF058,-0.027687,13,0.034072,0.173077,13
AF023,AF059,0.006094,13,0.040046,0.211538,13
AF023,AF060,-0.041764,13,-0.051096,0.173077,13
AF023,AF061,0.053898,14,0.276468,0.25,14
AF023,JUV062,-0.033284,14,-0.044352,0.160714,14
AF023,JUV063,-0.096227,13,-0.201155,0.134615,13
AF024,AF025,-0.002686,14,-0.017257,0.142857,14
AF024,AF026,-0.135527,13,-0.284822,0.038462,13
AF024,AF027,-0.017344,13,0.000444,0.153846,13
AF024,JUV028,0.044022,13,0.033261,0.173077,13
AF024,JUV029,-0.032957,12,-0.170769,0.104167,12
AF024,JUV030,0.041424,14,0.085486,0.214286,14
AF024,JUV031,0.297318,14,0.394021,0.392857,14
AF024,JUV032,0.291428,12,0.547201,0.416667,12
AF024,SB033,-0.001208,12,0.155462,0.145833,12
AF024,SB034,-0.0154,12,-0.192246,0.125,12
AF024,AF035,-0.118497,14,-0.243996,0.053571,14
AF024,AF036,-0.077819,14,-0.110422,0.125,14
AF024,AF037,-0.135256,12,-0.303541,0.0625,12
AF024,AF038,-0.03835,13,-0.149126,0.115385,13
AF024,AF039,0.000699,12,-0.041824,0.166667,12
AF024,JUV040,-0.043323,14,-0.062998,0.142857,14
AF024,JUV041,-0.031902,13,-0.11219,0.115385,13
AF024,SB042,0.083714,14,0.094824,0.232143,14
AF024,SB043,-0.056625,13,-0.150995,0.134615,13
AF024,SB044,0.027013,14,0.089775,0.196429,14
AF024,AF045,-0.074847,14,-0.105387,0.089286,14
AF024,AF046,-0.08323,14,-0.155783,0.089286,14
AF024,AF047,0.109574,14,0.143192,0.232143,14
AF024,AF048,-0.100323,14,-0.202134,0.071429,14
AF024,AF049,0.061557,14,0.18774,0.196429,14
AF024,AF050,0.060141,13,0.183795,0.211538,13
AF024,JUV051,0.126014,13,0.261621,0.25,13
AF024,JUV052,-0.085406,13,-0.140019,0.096154,13
AF024,JUV053,0.032303,14,0.029827,0.196429,14
AF024,JUV054,-0.01159,14,0.069349,0.178571,14
AF024,SB055,0.059468,12,0.135061,0.229167,12
AF024,AF056,-0.069094,14,-0.181165,0.089286,14
AF024,AF057,-0.000938,14,0.072657,0.142857,14
AF024,AF058,0.006476,13,0.088978,0.153846,13
AF024,AF059,-0.047915,13,-0.109582,0.134615,13
AF024,AF060,0.042607,14,0.025847,0.214286,14
AF024,AF061,-0.077852,14,-0.217395,0.107143,14
AF024,JUV062,-0.087783,13,-0.135304,0.076923,13
AF024,JUV063,-0.016573,13,-0.021713,0.173077,13
AF025,AF026,0.038117,14,-0.042877,0.196429,14
AF025,AF027,-0.026268,14,-0.008391,0.160714,14
AF025,JUV028,-0.123188,13,-0.213002,0.057692,13
AF025,JUV029,0.320485,13,0.579141,0.423077,13
AF025,JUV030,-0.023107,14,-0.059732,0.178571,14
AF025,JUV031,-0.074297,15,-0.195137,0.1,15
AF025,JUV032,0.040727,13,0.0538,0.230769,13
AF025,SB033,0.012002,13,-0.045216,0.173077,13
AF025,SB034,-0.061446,13,-0.107622,0.115385,13
AF025,AF035,0.001973,15,-0.046916,0.166667,15
AF025,AF036,-0.025176,15,-0.02717,0.183333,15
AF025,AF037,-0.126436,13,-0.213779,0.096154,13
AF025,AF038,-0.061837,14,-0.089009,0.107143,14
AF025,AF039,-0.006041,13,-0.052922,0.173077,13
AF025,JUV040,0.045508,15,0.197664,0.233333,15
AF025,JUV041,0.065407,14,0.138451,0.214286,14
AF025,SB042,0.019371,15,0.002289,0.2,15
AF025,SB043,-0.073197,13,-0.200002,0.134615,13
AF025,SB044,-0.064909,15,-0.083105,0.133333,15
AF025,AF045,-0.000192,15,-0.023828,0.166667,15
AF025,AF046,-0.030842,15,-0.012682,0.15,15
AF025,AF047,-0.012152,15,-0.113656,0.15,15
AF025,AF048,0.052751,14,0.155855,0.214286,14
AF025,AF049,-0.044682,14,-0.117811,0.125,14
AF025,AF050,-0.011992,13,0.003119,0.173077,13
AF025,JUV051,0.038287,14,0.112092,0.196429,14
AF025,JUV052,0.022947,14,0.072384,0.196429,14
AF025,JUV053,-0.087814,15,-0.142318,0.116667,15
AF025,JUV054,-0.076951,14,-0.236137,0.142857,14
AF025,SB055,-0.04356,13,-0.084062,0.153846,13
AF025,AF056,0.10459,15,0.15509,0.25,15
AF025,AF057,0.043855,14,-0.007702,0.196429,14
AF025,AF058,0.071709,14,0.167136,0.232143,14
AF025,AF059,-0.118202,14,-0.210383,0.089286,14
AF025,AF060,0.022416,14,-0.014553,0.214286,14
AF025,AF061,-0.040356,15,0.012021,0.15,15
AF025,JUV062,0.091931,14,0.183117,0.232143,14
AF025,JUV063,-0.015779,14,-0.033758,0.196429,14
AF026,AF027,-0.046432,13,-0.05979,0.173077,13
AF026,JUV028,0.002596,12,0.038158,0.166667,12
AF026,JUV029,-0.021958,12,-0.112253,0.145833,12
AF026,JUV030,0.052164,13,0.28881,0.25,13
AF026,JUV031,-0.040424,14,-0.061812,0.142857,14
AF026,JUV032,-0.018528,12,-0.082952,0.1875,12
AF026,SB033,-0.010307,12,-0.055293,0.166667,12
AF026,SB034,0.062,12,0.216713,0.25,12
AF026,AF035,0.106361,14,0.218273,0.267857,14
AF026,AF036,0.125984,14,0.36523,0.321429,14
AF026,AF037,0.015389,12,0.22587,0.229167,12
AF026,AF038,-0.115235,13,-0.206671,0.076923,13
AF026,AF039,0.087293,12,0.331053,0.270833,12
AF026,JUV040,0.005035,14,0.200371,0.214286,14
AF026,JUV041,-0.112417,13,-0.204121,0.076923,13
AF026,SB042,-2e-05,14,0.01836,0.196429,14
AF026,SB043,0.107365,12,0.225851,0.291667,12
AF026,SB044,0.023844,14,0.175158,0.214286,14
AF026,AF045,0.040144,14,0.189365,0.214286,14
AF026,AF046,-0.11545,14,-0.219505,0.089286,14
AF026,AF047,0.047124,14,-0.041941,0.214286,14
AF026,AF048,0.051928,13,0.032985,0.211538,13
AF026,AF049,-0.129065,13,-0.241279,0.057692,13
AF026,AF050,0.020952,12,0.032444,0.208333,12
AF026,JUV051,-0.044897,13,-0.074411,0.134615,13
AF026,JUV052,0.023527,13,0.109986,0.211538,13
AF026,JUV053,0.017153,14,0.197604,0.214286,14
AF026,JUV054,-0.054108,13,0.042293,0.173077,13
AF026,SB055,-0.173396,12,-0.201239,0.083333,12
AF026,AF056,-0.027267,14,-0.050306,0.142857,14
AF026,AF057,-0.040448,13,-0.119613,0.134615,13
AF026,AF058,0.114221,13,0.161657,0.269231,13
AF026,AF059,-0.026849,13,-0.031231,0.192308,13
AF026,AF060,-0.113723,13,-0.200762,0.115385,13
AF026,AF061,-0.052748,14,0.028655,0.142857,14
AF026,JUV062,-0.126382,13,-0.260473,0.057692,13
AF026,JUV063,-0.158302,13,-0.239985,0.096154,13
AF027,JUV028,0.009447,12,-0.074352,0.1875,12
AF027,JUV029,0.093706,12,0.190089,0.25,12
AF027,JUV030,0.142931,13,0.265056,0.346154,13
AF027,JUV031,-0.004947,14,-0.015192,0.178571,14
AF027,JUV032,0.03895,12,-0.001763,0.229167,12
AF027,SB033,-0.061806,12,-0.119299,0.125,12
AF027,SB034,0.002621,13,0.034507,0.192308,13
AF027,AF035,0.135397,14,0.282399,0.303571,14
AF027,AF036,-0.032857,14,-0.064119,0.196429,14
AF027,AF037,-0.031289,12,-0.151796,0.1875,12
AF027,AF038,-0.071685,13,-0.153892,0.115385,13
AF027,AF039,0.002756,13,0.108098,0.211538,13
AF027,JUV040,-0.045686,14,-0.052718,0.178571,14
AF027,JUV041,-0.080753,13,-0.170976,0.115385,13
AF027,SB042,-0.114334,14,-0.193867,0.107143,14
AF027,SB043,0.005367,12,0.052519,0.229167,12
AF027,SB044,0.022529,14,0.08275,0.232143,14
AF027,AF045,0.067236,14,0.138942,0.25,14
AF027,AF046,0.060916,14,0.115873,0.25,14
AF027,AF047,0.039457,14,0.120599,0.214286,14
AF027,AF048,-0.028897,13,-0.099387,0.173077,13
AF027,AF049,0.02235,13,0.01182,0.211538,13
AF027,AF050,-0.127919,12,-0.17123,0.104167,12
AF027,JUV051,-0.048969,13,-0.151022,0.134615,13
AF027,JUV052,0.036953,13,0.090502,0.230769,13
AF027,JUV053,-0.038313,14,-0.012732,0.178571,14
AF027,JUV054,0.070251,13,0.169406,0.288462,13
AF027,SB055,0.121385,13,0.188573,0.307692,13
AF027,AF056,-0.064144,14,-0.132229,0.125,14
AF027,AF057,-0.085444,13,-0.137803,0.115385,13
AF027,AF058,-0.091202,13,-0.061896,0.115385,13
AF027,AF059,-0.016947,14,-0.074844,0.196429,14
AF027,AF060,0.064774,13,0.197066,0.269231,13
AF027,AF061,0.00371,14,-0.015732,0.214286,14
AF027,JUV062,-0.022524,13,-0.082772,0.173077,13
AF027,JUV063,0.2159,13,0.400677,0.403846,13
JUV028,JUV029,-0.077428,11,-0.148206,0.068182,11
JUV028,JUV030,0.002742,13,0.043991,0.173077,13
JUV028,JUV031,0.00191,13,-0.135434,0.134615,13
JUV028,JUV032,-0.0092,12,-0.100458,0.166667,12
JUV028,SB033,0.037203,12,0.046592,0.166667,12
JUV028,SB034,-0.000743,11,-0.032343,0.159091,11
JUV028,AF035,0.095898,13,0.233972,0.230769,13
JUV028,AF036,-0.092127,13,-0.189766,0.115385,13
JUV028,AF037,-0.047149,11,-0.023879,0.136364,11
JUV028,AF038,0.140632,12,0.34344,0.270833,12
JUV028,AF039,0.039572,11,0.049613,0.204545,11
JUV028,JUV040,0.001952,13,0.034929,0.192308,13
JUV028,JUV041,0.10834,12,0.305515,0.25,12
JUV028,SB042,-0.035602,13,-0.056836,0.134615,13
JUV028,SB043,0.014664,12,-0.069789,0.208333,12
JUV028,SB044,0.091162,13,0.037014,0.25,13
JUV028,AF045,-0.044645,13,-0.107378,0.115385,13
JUV028,AF046,0.147531,13,0.224638,0.269231,13
JUV028,AF047,0.050912,13,-0.085949,0.192308,13
JUV028,AF048,0.054073,13,0.142622,0.211538,13
JUV028,AF049,0.058586,13,0.086908,0.192308,13
JUV028,AF050,-0.027103,12,-0.042671,0.125,12
JUV028,JUV051,-0.045366,12,-0.08293,0.104167,12
JUV028,JUV052,0.00646,12,0.093784,0.166667,12
JUV028,JUV053,-0.019898,13,-0.045688,0.153846,13
JUV028,JUV054,-0.045335,13,-0.076675,0.153846,13
JUV028,SB055,0.030811,11,0.099083,0.204545,11
JUV028,AF056,-0.128988,13,-0.193369,0.038462,13
JUV028,AF057,0.042573,13,0.056944,0.192308,13
JUV028,AF058,0.074254,12,0.103511,0.229167,12
JUV028,AF059,-0.027766,12,-0.0689,0.166667,12
JUV028,AF060,-0.081265,13,-0.167243,0.115385,13
JUV028,AF061,-0.069339,13,-0.188749,0.115385,13
JUV028,JUV062,-0.049917,12,-0.06097,0.104167,12
JUV028,JUV063,-0.038295,12,-0.118088,0.166667,12
JUV029,JUV030,-0.041167,12,-0.096208,0.166667,12
JUV029,JUV031,-0.040807,13,-0.084868,0.115385,13
JUV029,JUV032,0.072076,12,0.03517,0.229167,12
JUV029,SB033,-0.038219,11,-0.173999,0.113636,11
JUV029,SB034,-0.05932,11,-0.149471,0.113636,11
JUV029,AF035,-0.061642,13,-0.1498,0.096154,13
JUV029,AF036,-0.033082,13,-0.072682,0.173077,13
JUV029,AF037,0.079099,13,0.124142,0.25,13
JUV029,AF038,-0.010602,12,-0.067007,0.125,12
JUV029,AF039,-0.057132,11,-0.141573,0.136364,11
JUV029,JUV040,0.028859,13,0.107484,0.211538,13
JUV029,JUV041,0.025887,13,0.097625,0.173077,13
JUV029,SB042,-0.088339,13,-0.139601,0.115385,13
JUV029,SB043,-0.071182,11,-0.227465,0.136364,11
JUV029,SB044,-0.057154,13,-0.124686,0.134615,13
JUV029,AF045,-0.061893,13,-0.120564,0.115385,13
JUV029,AF046,0.072402,13,0.190675,0.230769,13
JUV029,AF047,-0.067858,13,-0.152573,0.096154,13
JUV029,AF048,0.048428,12,0.16503,0.208333,12
JUV029,AF049,-0.001034,12,-0.076758,0.145833,12
JUV029,AF050,-0.0213,11,-0.1568,0.159091,11
JUV029,JUV051,-0.041571,12,-0.066201,0.125,12
JUV029,JUV052,-0.022504,13,0.028023,0.153846,13
JUV029,JUV053,-0.066409,13,-0.201421,0.134615,13
JUV029,JUV054,-0.15613,12,-0.319806,0.083333,12
JUV029,SB055,-0.001036,11,-0.027192,0.181818,11
JUV029,AF056,0.133632,13,0.144936,0.269231,13
JUV029,AF057,-0.042354,12,-0.169322,0.125,12
JUV029,AF058,-0.045543,12,-0.094563,0.145833,12
JUV029,AF059,-0.072151,12,-0.174436,0.125,12
JUV029,AF060,-0.03835,12,-0.183313,0.166667,12
JUV029,AF061,-0.004377,13,-0.016362,0.173077,13
JUV029,JUV062,0.207587,12,0.433259,0.333333,12
JUV029,JUV063,-0.059921,12,-0.166288,0.145833,12
JUV030,JUV031,0.020756,14,0.134671,0.214286,14
JUV030,JUV032,-0.041722,12,-0.004785,0.1875,12
JUV030,SB033,-0.041279,12,-0.092952,0.145833,12
JUV030,SB034,0.044301,12,0.189977,0.25,12
JUV030,AF035,0.079689,14,0.197457,0.267857,14
JUV030,AF036,-0.010165,14,0.110305,0.232143,14
JUV030,AF037,0.038873,12,0.242454,0.270833,12
JUV030,AF038,-0.178245,13,-0.322793,0.057692,13
JUV030,AF039,0.026966,12,0.270815,0.25,12
JUV030,JUV040,-0.08807,14,-0.003708,0.160714,14
JUV030,JUV041,-0.083997,13,-0.200572,0.134615,13
JUV030,SB042,-0.001341,14,-0.064544,0.214286,14
JUV030,SB043,0.020204,13,0.166603,0.25,13
JUV030,SB044,0.052293,14,0.259873,0.267857,14
JUV030,AF045,0.057986,14,0.285333,0.25,14
JUV030,AF046,-0.017103,14,0.102678,0.196429,14
JUV030,AF047,0.026587,14,0.051207,0.214286,14
JUV030,AF048,-0.101752,14,-0.17582,0.125,14
JUV030,AF049,-0.067559,14,-0.099782,0.142857,14
JUV030,AF050,-0.007105,13,0.122234,0.211538,13
JUV030,JUV051,-0.010003,13,-0.070409,0.192308,13
JUV030,JUV052,0.129391,13,0.266662,0.326923,13
JUV030,JUV053,0.035194,14,0.185007,0.25,14
JUV030,JUV054,0.126425,14,0.322464,0.339286,14
JUV030,SB055,0.108264,12,0.325898,0.333333,12
JUV030,AF056,0.085726,14,0.128072,0.267857,14
JUV030,AF057,-0.065561,14,-0.103501,0.142857,14
JUV030,AF058,-0.094412,13,-0.110655,0.134615,13
JUV030,AF059,-0.059887,13,-0.06339,0.192308,13
JUV030,AF060,0.068464,14,0.066443,0.285714,14
JUV030,AF061,0.101555,14,0.246578,0.303571,14
JUV030,JUV062,0.047483,13,0.018135,0.230769,13
JUV030,JUV063,0.027153,13,0.08202,0.269231,13
JUV031,JUV032,0.076492,13,0.154787,0.230769,13
JUV031,SB033,0.019234,13,0.098157,0.153846,13
JUV031,SB034,0.172625,13,0.178494,0.307692,13
JUV031,AF035,-0.015602,15,-0.075669,0.15,15
JUV031,AF036,0.163898,15,0.279955,0.333333,15
JUV031,AF037,-0.018014,13,0.02891,0.173077,13
JUV031,AF038,-0.107917,14,-0.236819,0.071429,14
JUV031,AF039,0.082535,13,0.126361,0.25,13
JUV031,JUV040,-0.11675,15,-0.196416,0.1,15
JUV031,JUV041,-0.096486,14,-0.256238,0.071429,14
JUV031,SB042,0.022012,15,-0.013681,0.2,15
JUV031,SB043,-0.032144,13,-0.031312,0.173077,13
JUV031,SB044,0.101631,15,0.1625,0.266667,15
JUV031,AF045,0.042905,15,0.002655,0.2,15
JUV031,AF046,-0.007816,15,0.119804,0.166667,15
JUV031,AF047,0.030783,15,0.046483,0.183333,15
JUV031,AF048,-0.078479,14,-0.205782,0.107143,14
JUV031,AF049,0.041566,14,0.108638,0.196429,14
JUV031,AF050,0.081793,13,0.214712,0.25,13
JUV031,JUV051,0.062366,14,0.088177,0.214286,14
JUV031,JUV052,-0.03914,14,-0.14475,0.142857,14
JUV031,JUV053,0.01746,15,0.0175,0.2,15
JUV031,JUV054,0.011651,14,0.02271,0.214286,14
JUV031,SB055,0.021104,13,0.150457,0.211538,13
JUV031,AF056,-0.014066,15,-0.108359,0.15,15
JUV031,AF057,0.000109,14,0.012341,0.160714,14
JUV031,AF058,-0.120772,14,-0.206625,0.071429,14
JUV031,AF059,-0.052911,14,-0.133595,0.142857,14
JUV031,AF060,-0.110922,14,-0.19395,0.107143,14
JUV031,AF061,0.023656,15,-0.019714,0.2,15
JUV031,JUV062,-0.074591,14,-0.106665,0.107143,14
JUV031,JUV063,-0.05664,14,-0.088814,0.160714,14
JUV032,SB033,-0.089435,12,-0.113624,0.104167,12
JUV032,SB034,-0.112228,11,-0.325832,0.090909,11
JUV032,AF035,-0.099995,13,-0.236414,0.096154,13
JUV032,AF036,-0.066492,13,-0.055211,0.173077,13
JUV032,AF037,-0.079731,12,-0.051766,0.145833,12
JUV032,AF038,-0.049946,12,-0.131074,0.145833,12
JUV032,AF039,-0.064803,11,-0.172907,0.159091,11
JUV032,JUV040,-0.096112,13,-0.131553,0.153846,13
JUV032,JUV041,-0.102512,12,-0.208895,0.104167,12
JUV032,SB042,0.052254,13,0.137962,0.25,13
JUV032,SB043,-0.055129,11,-0.082451,0.204545,11
JUV032,SB044,-0.04798,13,-0.108962,0.173077,13
JUV032,AF045,-0.089879,13,-0.226642,0.115385,13
JUV032,AF046,-0.029624,13,-0.152406,0.153846,13
JUV032,AF047,0.165547,13,0.30653,0.326923,13
JUV032,AF048,-0.060075,12,-0.128759,0.166667,12
JUV032,AF049,0.061905,12,0.173163,0.229167,12
JUV032,AF050,0.016057,11,0.081447,0.204545,11
JUV032,JUV051,0.110414,12,0.359514,0.270833,12
JUV032,JUV052,-0.120815,13,-0.198104,0.096154,13
JUV032,JUV053,-0.016311,13,0.028808,0.192308,13
JUV032,JUV054,-0.089202,12,-0.088367,0.166667,12
JUV032,SB055,0.030942,11,0.086931,0.227273,11
JUV032,AF056,-0.039176,13,-0.028117,0.153846,13
JUV032,AF057,-0.047023,12,-0.113709,0.166667,12
JUV032,AF058,0.188967,12,0.39721,0.354167,12
JUV032,AF059,0.047397,12,0.120297,0.25,12
JUV032,AF060,0.103613,12,0.173452,0.3125,12
JUV032,AF061,-0.090873,13,-0.117888,0.134615,13
JUV032,JUV062,0.000813,12,-0.01447,0.1875,12
JUV032,JUV063,0.040073,12,0.057945,0.25,12
SB033,SB034,0.005056,11,-0.021466,0.159091,11
SB033,AF035,0.000547,13,-0.124933,0.153846,13
SB033,AF036,0.039976,13,-0.019427,0.230769,13
SB033,AF037,-0.09059,11,-0.142648,0.113636,11
SB033,AF038,-0.058073,12,-0.117889,0.104167,12
SB033,AF039,-0.079585,11,-0.161057,0.113636,11
SB033,JUV040,0.208121,13,0.272722,0.365385,13
SB033,JUV041,0.262729,12,0.338533,0.375,12
SB033,SB042,-0.019861,13,-0.066538,0.153846,13
SB033,SB043,0.061095,11,0.113941,0.25,11
SB033,SB044,0.093796,13,0.260359,0.25,13
SB033,AF045,0.065663,13,0.083598,0.211538,13
SB033,AF046,0.004648,13,-0.028715,0.153846,13
SB033,AF047,-0.091124,13,-0.139151,0.076923,13
SB033,AF048,-0.056583,12,-0.111076,0.125,12
SB033,AF049,0.069053,12,0.188581,0.208333,12
SB033,AF050,0.121527,11,0.285427,0.25,11
SB033,JUV051,0.029948,12,-0.004559,0.166667,12
SB033,JUV052,-0.022349,12,-0.08954,0.145833,12
SB033,JUV053,0.01602,13,-0.029421,0.192308,13
SB033,JUV054,0.042608,12,0.205599,0.229167,12
SB033,SB055,-0.037669,11,0.099237,0.136364,11
SB033,AF056,-0.116088,13,-0.252762,0.057692,13
SB033,AF057,0.085366,12,0.187517,0.229167,12
SB033,AF058,0.046444,12,0.241693,0.208333,12
SB033,AF059,-0.076283,12,-0.072433,0.125,12
SB033,AF060,-0.07368,12,-0.094058,0.125,12
SB033,AF061,0.042755,13,-0.004966,0.211538,13
SB033,JUV062,-0.06763,12,-0.09384,0.083333,12
SB033,JUV063,-0.118411,12,-0.155696,0.104167,12
SB034,AF035,0.038222,13,0.109495,0.211538,13
SB034,AF036,0.10376,13,0.237509,0.288462,13
SB034,AF037,-0.02843,11,0.162691,0.181818,11
SB034,AF038,-0.04192,12,-0.080173,0.125,12
SB034,AF039,0.102739,12,0.352588,0.270833,12
SB034,JUV040,0.009493,13,0.306091,0.211538,13
SB034,JUV041,0.000924,12,0.113323,0.166667,12
SB034,SB042,-0.08411,13,-0.179811,0.115385,13
SB034,SB043,0.033393,11,0.249891,0.227273,11
SB034,SB044,0.112845,13,0.392523,0.288462,13
SB034,AF045,0.112979,13,0.319163,0.269231,13
SB034,AF046,-0.007427,13,0.035656,0.173077,13
SB034,AF047,0.033995,13,0.026299,0.192308,13
SB034,AF048,-0.013347,12,0.061558,0.166667,12
SB034,AF049,-0.100004,12,-0.278868,0.083333,12
SB034,AF050,-0.002092,11,-0.073236,0.181818,11
SB034,JUV051,0.010676,12,-0.109232,0.166667,12
SB034,JUV052,-0.032225,12,-0.033824,0.166667,12
SB034,JUV053,-0.00271,13,0.177553,0.192308,13
SB034,JUV054,0.041958,12,0.23556,0.25,12
SB034,SB055,-0.078681,12,-0.178447,0.125,12
SB034,AF056,0.041624,13,0.007434,0.192308,13
SB034,AF057,0.008432,12,0.032577,0.166667,12
SB034,AF058,-0.109461,13,-0.253521,0.076923,13
SB034,AF059,-0.091517,13,-0.258114,0.115385,13
SB034,AF060,0.025354,12,0.027696,0.208333,12
SB034,AF061,0.115656,13,0.274772,0.288462,13
SB034,JUV062,-0.04382,12,-0.081183,0.145833,12
SB034,JUV063,-0.047857,13,-0.015558,0.173077,13
AF035,AF036,-0.047857,15,-0.022409,0.166667,15
AF035,AF037,-0.015625,13,-0.073541,0.173077,13
AF035,AF038,-0.036635,14,-0.000697,0.125,14
AF035,AF039,0.110658,13,0.226241,0.288462,13
AF035,JUV040,0.022994,15,0.092168,0.216667,15
AF035,JUV041,-0.036805,14,-0.047781,0.125,14
AF035,SB042,-0.146452,15,-0.235736,0.066667,15
AF035,SB043,-0.028406,13,-0.062909,0.173077,13
AF035,SB044,-0.025818,15,0.015655,0.166667,15
AF035,AF045,0.018218,15,0.060752,0.183333,15
AF035,AF046,-0.012364,15,-0.055155,0.166667,15
AF035,AF047,-0.054403,15,-0.111765,0.116667,15
AF035,AF048,-0.042771,14,-0.052707,0.142857,14
AF035,AF049,-0.009504,14,-0.063827,0.160714,14
AF035,AF050,-0.139764,13,-0.244571,0.076923,13
AF035,JUV051,-0.11565,14,-0.247635,0.071429,14
AF035,JUV052,0.050508,14,0.058996,0.214286,14
AF035,JUV053,-0.048697,15,-0.022953,0.15,15
AF035,JUV054,-0.063287,14,-0.130907,0.160714,14
AF035,SB055,0.017916,13,0.002481,0.211538,13
AF035,AF056,0.08259,15,0.142887,0.233333,15
AF035,AF057,-0.051074,14,0.018855,0.125,14
AF035,AF058,-0.041228,14,-0.029037,0.142857,14
AF035,AF059,-0.045386,14,-0.064914,0.160714,14
AF035,AF060,-0.030294,14,-0.029923,0.178571,14
AF035,AF061,-0.001321,15,-0.003955,0.183333,15
AF035,JUV062,0.026209,14,0.001351,0.178571,14
AF035,JUV063,0.114357,14,0.211914,0.303571,14
AF036,AF037,0.088838,13,0.340834,0.307692,13
AF036,AF038,-0.09554,14,-0.138039,0.125,14
AF036,AF039,0.033553,13,0.191583,0.25,13
AF036,JUV040,0.038103,15,0.225907,0.266667,15
AF036,JUV041,0.039384,14,0.051374,0.232143,14
AF036,SB042,0.053365,15,0.031584,0.266667,15
AF036,SB043,0.012131,13,0.335312,0.25,13
AF036,SB044,0.009033,15,0.114723,0.233333,15
AF036,AF045,0.074503,15,0.177155,0.266667,15
AF036,AF046,-0.102688,15,-0.167379,0.133333,15
AF036,AF047,-0.062196,15,-0.069753,0.15,15
AF036,AF048,-0.044408,14,-0.042851,0.178571,14
AF036,AF049,-0.010369,14,0.0253,0.196429,14
AF036,AF050,0.074864,13,0.096509,0.288462,13
AF036,JUV051,0.052277,14,0.052562,0.25,14
AF036,JUV052,0.017884,14,0.039794,0.232143,14
AF036,JUV053,0.090843,15,0.220839,0.3,15
AF036,JUV054,-0.042522,14,0.015064,0.214286,14
AF036,SB055,-0.125302,13,-0.15731,0.134615,13
AF036,AF056,-0.046256,15,-0.058329,0.166667,15
AF036,AF057,-0.008415,14,-0.035813,0.196429,14
AF036,AF058,-0.109496,14,-0.170027,0.125,14
AF036,AF059,0.030553,14,0.210073,0.25,14
AF036,AF060,-0.122596,14,-0.034341,0.142857,14
AF036,AF061,0.013078,15,0.119326,0.233333,15
AF036,JUV062,-0.077513,14,-0.096514,0.125,14
AF036,JUV063,-0.157538,14,-0.114407,0.125,14
AF037,AF038,-0.015268,12,-0.063323,0.166667,12
AF037,AF039,-0.002568,11,0.153964,0.227273,11
AF037,JUV040,0.029542,13,0.246881,0.25,13
AF037,JUV041,-0.068768,13,-0.057166,0.134615,13
AF037,SB042,-0.139117,13,-0.225644,0.115385,13
AF037,SB043,0.010505,11,0.326212,0.25,11
AF037,SB044,0.062737,13,0.227278,0.269231,13
AF037,AF045,0.032732,13,0.154869,0.230769,13
AF037,AF046,0.122356,13,0.301504,0.307692,13
AF037,AF047,0.073468,13,0.194987,0.25,13
AF037,AF048,-0.001692,12,0.049133,0.208333,12
AF037,AF049,-0.025913,12,-0.067514,0.166667,12
AF037,AF050,-0.159585,11,-0.265063,0.090909,11
AF037,JUV051,-0.167965,12,-0.350107,0.0625,12
AF037,JUV052,0.049312,13,0.131555,0.25,13
AF037,JUV053,-0.092347,13,0.00385,0.153846,13
AF037,JUV054,0.055623,12,0.200619,0.291667,12
AF037,SB055,-0.00191,11,-0.006293,0.227273,11
AF037,AF056,0.11293,13,0.124052,0.288462,13
AF037,AF057,-0.06849,12,-0.115153,0.145833,12
AF037,AF058,-0.12589,12,-0.207003,0.125,12
AF037,AF059,0.061547,12,0.148606,0.270833,12
AF037,AF060,-0.064957,12,-0.049961,0.1875,12
AF037,AF061,0.092255,13,0.287676,0.288462,13
AF037,JUV062,0.021546,12,0.112658,0.208333,12
AF037,JUV063,-0.11462,12,-0.157398,0.145833,12
AF038,AF039,0.038771,12,0.035709,0.208333,12
AF038,JUV040,0.163418,14,0.280375,0.321429,14
AF038,JUV041,0.317875,13,0.650213,0.403846,13
AF038,SB042,-0.084148,14,-0.090603,0.107143,14
AF038,SB043,-0.117739,13,-0.247096,0.096154,13
AF038,SB044,-0.064821,14,-0.12359,0.125,14
AF038,AF045,-0.044609,14,-0.107247,0.125,14
AF038,AF046,0.118499,14,0.231411,0.267857,14
AF038,AF047,-0.073098,14,-0.214764,0.089286,14
AF038,AF048,0.10123,13,0.270272,0.25,13
AF038,AF049,0.126755,13,0.244883,0.269231,13
AF038,AF050,-0.073864,12,-0.132473,0.125,12
AF038,JUV051,-0.095871,13,-0.143482,0.076923,13
AF038,JUV052,-0.000841,13,0.011974,0.173077,13
AF038,JUV053,0.020323,14,0.062403,0.196429,14
AF038,JUV054,-0.083384,13,-0.103199,0.134615,13
AF038,SB055,-0.036319,13,-0.100547,0.153846,13
AF038,AF056,0.000859,14,-0.021999,0.160714,14
AF038,AF057,0.017519,13,-0.036636,0.173077,13
AF038,AF058,0.007281,13,0.029651,0.173077,13
AF038,AF059,-0.037923,13,-0.040402,0.153846,13
AF038,AF060,-0.047883,13,-0.111128,0.153846,13
AF038,AF061,0.005091,14,0.006944,0.178571,14
AF038,JUV062,-0.013852,13,-0.055185,0.153846,13
AF038,JUV063,-0.016455,13,-0.041472,0.192308,13
AF039,JUV040,-0.063158,13,0.062431,0.173077,13
AF039,JUV041,-0.116638,12,-0.205445,0.083333,12
AF039,SB042,-0.022665,13,-0.070016,0.173077,13
AF039,SB043,-0.139983,11,-0.071399,0.113636,11
AF039,SB044,0.158459,13,0.361215,0.346154,13
AF039,AF045,0.091154,13,0.33808,0.269231,13
AF039,AF046,0.010933,13,-0.018504,0.211538,13
AF039,AF047,0.041921,13,-0.018373,0.211538,13
AF039,AF048,0.021256,12,0.018745,0.208333,12
AF039,AF049,-0.081278,12,-0.155756,0.125,12
AF039,AF050,0.075447,11,0.101419,0.272727,11
AF039,JUV051,-0.018994,12,-0.059712,0.166667,12
AF039,JUV052,0.029805,12,0.108307,0.229167,12
AF039,JUV053,-0.042312,13,0.050637,0.173077,13
AF039,JUV054,0.007748,12,0.157588,0.229167,12
AF039,SB055,-0.143799,12,-0.261026,0.104167,12
AF039,AF056,-0.007283,13,-0.062609,0.173077,13
AF039,AF057,0.033676,12,0.038454,0.208333,12
AF039,AF058,-0.016673,12,-0.047264,0.166667,12
AF039,AF059,-0.094799,13,-0.213995,0.134615,13
AF039,AF060,-0.007546,12,-0.101615,0.208333,12
AF039,AF061,0.016348,13,0.182546,0.230769,13
AF039,JUV062,-0.120796,12,-0.303006,0.104167,12
AF039,JUV063,-0.002509,12,0.031193,0.229167,12
JUV040,JUV041,0.295223,14,0.601319,0.428571,14
JUV040,SB042,-0.021698,15,0.059893,0.2,15
JUV040,SB043,-0.0162,13,0.107693,0.211538,13
JUV040,SB044,-0.003152,15,0.204514,0.216667,15
JUV040,AF045,-0.041228,15,0.106864,0.166667,15
JUV040,AF046,0.031194,15,0.085082,0.233333,15
JUV040,AF047,-0.094464,15,-0.171141,0.116667,15
JUV040,AF048,0.01264,14,0.015097,0.214286,14
JUV040,AF049,0.001901,14,-0.02069,0.196429,14
JUV040,AF050,-0.047161,13,-0.014207,0.173077,13
JUV040,JUV051,-0.018085,14,-0.007091,0.178571,14
JUV040,JUV052,-0.085465,14,-0.105319,0.142857,14
JUV040,JUV053,0.099226,15,0.355946,0.3,15
JUV040,JUV054,-0.007009,14,0.154413,0.232143,14
JUV040,SB055,-0.107086,13,-0.151305,0.134615,13
JUV040,AF056,-0.099309,15,-0.135656,0.116667,15
JUV040,AF057,-0.018273,14,-0.056505,0.178571,14
JUV040,AF058,-0.040855,14,-0.059336,0.178571,14
JUV040,AF059,-0.072277,14,-0.047737,0.160714,14
JUV040,AF060,-0.041575,14,-0.042902,0.196429,14
JUV040,AF061,0.042661,15,0.234887,0.25,15
JUV040,JUV062,-0.081412,14,-0.152671,0.125,14
JUV040,JUV063,-0.110163,14,-0.193718,0.160714,14
JUV041,SB042,-0.073374,14,-0.097951,0.125,14
JUV041,SB043,0.012926,12,-0.005226,0.208333,12
JUV041,SB044,-0.02122,14,-0.025245,0.160714,14
JUV041,AF045,0.014538,14,-0.041557,0.178571,14
JUV041,AF046,0.088066,14,0.194483,0.25,14
JUV041,AF047,-0.116234,14,-0.265234,0.053571,14
JUV041,AF048,0.044065,13,0.16016,0.211538,13
JUV041,AF049,0.080882,13,0.131248,0.230769,13
JUV041,AF050,-0.018041,12,-0.033435,0.166667,12
JUV041,JUV051,-0.022724,13,-0.053454,0.134615,13
JUV041,JUV052,-0.004039,13,0.017045,0.173077,13
JUV041,JUV053,0.071984,14,0.181428,0.25,14
JUV041,JUV054,-0.051774,13,-0.042652,0.173077,13
JUV041,SB055,-0.07008,12,-0.10604,0.125,12
JUV041,AF056,-0.082896,14,-0.138676,0.089286,14
JUV041,AF057,0.007915,13,-0.03214,0.173077,13
JUV041,AF058,-0.033652,13,-0.067009,0.153846,13
JUV041,AF059,-0.059887,13,-0.032777,0.134615,13
JUV041,AF060,-0.082617,13,-0.068134,0.134615,13
JUV041,AF061,0.048529,14,0.047784,0.214286,14
JUV041,JUV062,-0.02051,13,0.027523,0.134615,13
JUV041,JUV063,-0.135343,13,-0.168381,0.096154,13
SB042,SB043,-0.140344,13,-0.25822,0.096154,13
SB042,SB044,-0.050027,15,-0.09085,0.166667,15
SB042,AF045,-0.025705,15,-0.126365,0.166667,15
SB042,AF046,-0.098121,15,-0.142207,0.116667,15
SB042,AF047,-0.037716,15,-0.082757,0.15,15
SB042,AF048,-0.1013,14,-0.191533,0.107143,14
SB042,AF049,-0.067473,14,-0.089699,0.125,14
SB042,AF050,0.13929,13,0.219128,0.307692,13
SB042,JUV051,0.326082,14,0.626115,0.446429,14
SB042,JUV052,-0.072596,14,-0.152507,0.142857,14
SB042,JUV053,0.259353,15,0.431916,0.416667,15
SB042,JUV054,0.23694,14,0.429238,0.410714,14
SB042,SB055,-0.132772,13,-0.226653,0.096154,13
SB042,AF056,-0.062879,15,-0.101199,0.133333,15
SB042,AF057,0.022083,14,0.021931,0.196429,14
SB042,AF058,0.178542,14,0.305674,0.339286,14
SB042,AF059,-0.052009,14,-0.111773,0.160714,14
SB042,AF060,0.067057,14,0.162043,0.267857,14
SB042,AF061,-0.087351,15,-0.083846,0.133333,15
SB042,JUV062,-0.151726,14,-0.312325,0.053571,14
SB042,JUV063,0.001864,14,0.02668,0.232143,14
SB043,SB044,0.037512,13,0.190629,0.25,13
SB043,AF045,-0.03397,13,0.081367,0.173077,13
SB043,AF046,-0.067153,13,-0.164564,0.153846,13
SB043,AF047,0.081402,13,0.165069,0.25,13
SB043,AF048,0.061737,13,-0.001336,0.25,13
SB043,AF049,-0.127498,13,-0.220283,0.096154,13
SB043,AF050,-0.014247,12,-0.058911,0.208333,12
SB043,JUV051,-0.114298,12,-0.24053,0.104167,12
SB043,JUV052,-0.046682,12,-0.014919,0.1875,12
SB043,JUV053,-0.125874,13,-0.0845,0.115385,13
SB043,JUV054,-0.029725,13,0.16769,0.211538,13
SB043,SB055,-0.088768,12,-0.077021,0.166667,12
SB043,AF056,-0.029761,13,-0.06456,0.173077,13
SB043,AF057,0.07181,13,0.096348,0.25,13
SB043,AF058,-0.118381,12,-0.213623,0.104167,12
SB043,AF059,0.014246,12,0.20642,0.25,12
SB043,AF060,0.079181,13,0.243832,0.288462,13
SB043,AF061,0.042111,13,0.207088,0.25,13
SB043,JUV062,-0.065917,12,-0.176387,0.125,12
SB043,JUV063,0.038989,12,0.246729,0.270833,12
SB044,AF045,0.013038,15,0.174676,0.2,15
SB044,AF046,0.126548,15,0.186147,0.3,15
SB044,AF047,0.123601,15,0.211043,0.283333,15
SB044,AF048,0.083926,14,0.16724,0.267857,14
SB044,AF049,-0.015463,14,-0.10255,0.178571,14
SB044,AF050,0.09758,13,0.202997,0.288462,13
SB044,JUV051,-0.052522,14,-0.196319,0.142857,14
SB044,JUV052,0.034664,14,0.104385,0.232143,14
SB044,JUV053,-0.054818,15,-0.00024,0.166667,15
SB044,JUV054,0.111162,14,0.437561,0.321429,14
SB044,SB055,0.039365,13,0.205918,0.25,13
SB044,AF056,-0.08576,15,-0.136313,0.116667,15
SB044,AF057,0.052628,14,0.136547,0.232143,14
SB044,AF058,0.001824,14,0.077322,0.196429,14
SB044,AF059,-0.071125,14,-0.083414,0.160714,14
SB044,AF060,-0.081748,14,-0.122003,0.160714,14
SB044,AF061,0.055418,15,0.167272,0.25,15
SB044,JUV062,-0.038824,14,0.031373,0.160714,14
SB044,JUV063,-0.020637,14,0.007871,0.214286,14
AF045,AF046,0.005842,15,-0.008548,0.183333,15
AF045,AF047,-0.097051,15,-0.252988,0.083333,15
AF045,AF048,-0.020333,14,-0.038186,0.160714,14
AF045,AF049,-0.03071,14,-0.121579,0.142857,14
AF045,AF050,0.027157,13,0.071341,0.211538,13
AF045,JUV051,0.01231,14,-0.100652,0.178571,14
AF045,JUV052,-0.00334,14,-0.091237,0.178571,14
AF045,JUV053,0.051875,15,0.19833,0.233333,15
AF045,JUV054,0.116068,14,0.304819,0.303571,14
AF045,SB055,-0.014226,13,-0.027183,0.192308,13
AF045,AF056,-0.020784,15,-0.057049,0.15,15
AF045,AF057,0.014686,14,0.059204,0.178571,14
AF045,AF058,-0.103107,14,-0.162824,0.089286,14
AF045,AF059,0.085492,14,0.078793,0.267857,14
AF045,AF060,-0.140858,14,-0.234987,0.089286,14
AF045,AF061,0.057981,15,0.16266,0.233333,15
AF045,JUV062,-0.046425,14,-0.151734,0.125,14
AF045,JUV063,-0.127676,14,-0.2177,0.107143,14
AF046,AF047,-0.046867,15,-0.117453,0.133333,15
AF046,AF048,0.015319,14,0.103995,0.196429,14
AF046,AF049,0.157604,14,0.24283,0.303571,14
AF046,AF050,-0.023714,13,0.041243,0.173077,13
AF046,JUV051,-0.124396,14,-0.22042,0.071429,14
AF046,JUV052,0.125383,14,0.268518,0.285714,14
AF046,JUV053,-0.020314,15,-0.080267,0.183333,15
AF046,JUV054,0.130597,14,0.199605,0.321429,14
AF046,SB055,0.122979,13,0.336055,0.307692,13
AF046,AF056,-0.051546,15,-0.083274,0.133333,15
AF046,AF057,0.006602,14,-0.119988,0.178571,14
AF046,AF058,-0.066741,14,-0.124782,0.125,14
AF046,AF059,-0.076336,14,-0.11816,0.142857,14
AF046,AF060,-0.060492,14,-0.076822,0.160714,14
AF046,AF061,-0.034549,15,-0.030744,0.166667,15
AF046,JUV062,0.12607,14,0.261885,0.285714,14
AF046,JUV063,0.043766,14,0.07787,0.25,14
AF047,AF048,-0.007253,14,-0.104406,0.160714,14
AF047,AF049,-0.082476,14,-0.191022,0.089286,14
AF047,AF050,0.004826,13,0.027147,0.173077,13
AF047,JUV051,-0.033588,14,-0.109945,0.125,14
AF047,JUV052,-0.064622,14,-0.090244,0.125,14
AF047,JUV053,-0.144815,15,-0.247974,0.066667,15
AF047,JUV054,-0.049085,14,-0.006305,0.160714,14
AF047,SB055,0.081012,13,0.1474,0.25,13
AF047,AF056,-0.09319,15,-0.140636,0.083333,15
AF047,AF057,-0.037324,14,-0.055069,0.125,14
AF047,AF058,0.077821,14,0.100298,0.232143,14
AF047,AF059,0.013568,14,0.052371,0.196429,14
AF047,AF060,0.049874,14,0.148645,0.232143,14
AF047,AF061,-0.056438,15,-0.077607,0.133333,15
AF047,JUV062,-0.068807,14,-0.123176,0.107143,14
AF047,JUV063,0.079699,14,0.218194,0.267857,14
AF048,AF049,-0.034558,14,-0.047695,0.142857,14
AF048,AF050,-0.148667,13,-0.25276,0.076923,13
AF048,JUV051,-0.126462,13,-0.271911,0.076923,13
AF048,JUV052,-0.002959,13,0.089808,0.192308,13
AF048,JUV053,-0.13217,14,-0.216034,0.089286,14
AF048,JUV054,-0.089107,14,-0.168288,0.142857,14
AF048,SB055,0.085001,12,0.146928,0.270833,12
AF048,AF056,0.050799,14,0.234015,0.214286,14
AF048,AF057,-0.010847,14,-0.030545,0.160714,14
AF048,AF058,0.127735,13,0.32321,0.288462,13
AF048,AF059,0.035772,13,0.080025,0.230769,13
AF048,AF060,0.01088,14,0.049328,0.214286,14
AF048,AF061,0.021599,14,0.074134,0.214286,14
AF048,JUV062,0.074862,13,0.241829,0.230769,13
AF048,JUV063,0.010066,13,0.058797,0.230769,13
AF049,AF050,0.044441,13,0.109803,0.211538,13
AF049,JUV051,-0.028829,13,-0.070379,0.134615,13
AF049,JUV052,0.020519,13,-0.028342,0.192308,13
AF049,JUV053,0.210083,14,0.441228,0.357143,14
AF049,JUV054,-0.054824,14,-0.062618,0.160714,14
AF049,SB055,0.078131,12,0.0746,0.270833,12
AF049,AF056,-0.068413,14,-0.107427,0.107143,14
AF049,AF057,-0.04288,14,-0.031672,0.125,14
AF049,AF058,0.008029,13,0.01646,0.173077,13
AF049,AF059,-0.056347,13,-0.094513,0.153846,13
AF049,AF060,-0.110582,14,-0.182945,0.107143,14
AF049,AF061,-0.099248,14,-0.179846,0.107143,14
AF049,JUV062,0.075445,13,0.112186,0.230769,13
AF049,JUV063,-0.015224,13,-0.094073,0.192308,13
AF050,JUV051,0.371533,13,0.52975,0.480769,13
AF050,JUV052,0.027824,12,0.018501,0.229167,12
AF050,JUV053,0.158546,13,0.195528,0.326923,13
AF050,JUV054,0.031408,13,0.194398,0.25,13
AF050,SB055,-0.007568,11,0.22816,0.227273,11
AF050,AF056,-0.108913,13,-0.212179,0.096154,13
AF050,AF057,0.084861,13,0.159854,0.25,13
AF050,AF058,0.025247,12,0.158461,0.208333,12
AF050,AF059,-0.08024,12,-0.154814,0.145833,12
AF050,AF060,-0.171351,13,-0.241188,0.076923,13
AF050,AF061,-0.114101,13,-0.154806,0.115385,13
AF050,JUV062,-0.076814,12,-0.086376,0.125,12
AF050,JUV063,-0.128236,12,-0.15775,0.125,12
JUV051,JUV052,-0.083733,13,-0.237287,0.115385,13
JUV051,JUV053,0.171614,14,0.295789,0.321429,14
JUV051,JUV054,0.10027,13,0.171831,0.288462,13
JUV051,SB055,-0.054633,12,-0.174744,0.145833,12
JUV051,AF056,-0.048836,14,-0.078617,0.125,14
JUV051,AF057,0.010924,13,0.003201,0.173077,13
JUV051,AF058,0.050748,13,0.128286,0.211538,13
JUV051,AF059,-0.050144,13,-0.161835,0.134615,13
JUV051,AF060,-0.02935,13,0.039016,0.173077,13
JUV051,AF061,-0.070082,14,-0.169814,0.125,14
JUV051,JUV062,-0.068086,13,-0.229539,0.096154,13
JUV051,JUV063,-0.040743,13,-0.049758,0.173077,13
JUV052,JUV053,-0.070352,14,-0.161871,0.142857,14
JUV052,JUV054,0.076944,13,0.142112,0.288462,13
JUV052,SB055,0.221357,12,0.471156,0.395833,12
JUV052,AF056,-0.024264,14,-0.07473,0.160714,14
JUV052,AF057,-0.036858,13,-0.113962,0.153846,13
JUV052,AF058,0.000168,13,0.05455,0.192308,13
JUV052,AF059,-0.024039,13,-0.064374,0.192308,13
JUV052,AF060,-0.014178,13,0.027317,0.211538,13
JUV052,AF061,-0.071502,14,-0.164326,0.142857,14
JUV052,JUV062,0.121016,13,0.302411,0.269231,13
JUV052,JUV063,0.065159,13,0.160537,0.269231,13
JUV053,JUV054,0.161627,14,0.362572,0.357143,14
JUV053,SB055,-0.147108,13,-0.251552,0.096154,13
JUV053,AF056,-0.047111,15,-0.062831,0.15,15
JUV053,AF057,-0.008069,14,-0.066394,0.178571,14
JUV053,AF058,-0.003243,14,-0.055646,0.196429,14
JUV053,AF059,-0.02012,14,-0.040458,0.196429,14
JUV053,AF060,-0.18839,14,-0.289899,0.071429,14
JUV053,AF061,-0.050685,15,0.072063,0.166667,15
JUV053,JUV062,-0.127072,14,-0.27899,0.089286,14
JUV053,JUV063,-0.161813,14,-0.282036,0.107143,14
JUV054,SB055,-0.014925,12,0.05323,0.229167,12
JUV054,AF056,-0.034502,14,-0.112718,0.178571,14
JUV054,AF057,-0.008339,14,0.028798,0.196429,14
JUV054,AF058,0.037523,13,0.187493,0.25,13
JUV054,AF059,-0.059251,13,-0.046452,0.192308,13
JUV054,AF060,0.036651,14,0.078083,0.267857,14
JUV054,AF061,0.070075,14,0.229956,0.285714,14
JUV054,JUV062,-0.088212,13,-0.203859,0.134615,13
JUV054,JUV063,0.088621,13,0.164114,0.326923,13
SB055,AF056,-0.086644,13,-0.205376,0.115385,13
SB055,AF057,-0.085336,12,-0.165846,0.125,12
SB055,AF058,-0.000161,12,0.122136,0.1875,12
SB055,AF059,0.060269,13,0.153813,0.269231,13
SB055,AF060,0.032734,12,0.091301,0.25,12
SB055,AF061,-0.005181,13,-0.129726,0.211538,13
SB055,JUV062,0.246606,12,0.426724,0.395833,12
SB055,JUV063,0.230369,12,0.274685,0.416667,12
AF056,AF057,0.06358,14,0.119052,0.214286,14
AF056,AF058,0.030963,14,0.14069,0.196429,14
AF056,AF059,-0.024446,14,-0.096586,0.160714,14
AF056,AF060,0.086895,14,0.131542,0.267857,14
AF056,AF061,0.143456,15,0.305019,0.3,15
AF056,JUV062,0.198995,14,0.404257,0.339286,14
AF056,JUV063,-0.012782,14,-0.011338,0.196429,14
AF057,AF058,0.029243,13,0.098852,0.192308,13
AF057,AF059,-0.092778,13,-0.099577,0.115385,13
AF057,AF060,0.068446,14,0.132243,0.25,14
AF057,AF061,-0.03123,14,-0.061712,0.160714,14
AF057,JUV062,-0.002143,13,-0.143082,0.153846,13
AF057,JUV063,0.030519,13,0.069539,0.230769,13
AF058,AF059,0.004567,13,0.006832,0.192308,13
AF058,AF060,0.038275,13,0.056707,0.230769,13
AF058,AF061,-0.082883,14,-0.083386,0.125,14
AF058,JUV062,-0.019005,13,0.005228,0.153846,13
AF058,JUV063,0.024643,14,0.050696,0.232143,14
AF059,AF060,-0.087743,13,0.011772,0.153846,13
AF059,AF061,-0.045085,14,-0.089644,0.178571,14
AF059,JUV062,0.039963,13,0.110297,0.211538,13
AF059,JUV063,-0.076092,13,0.037471,0.173077,13
AF060,AF061,0.01276,14,0.005939,0.232143,14
AF060,JUV062,-0.032576,13,-0.093858,0.153846,13
AF060,JUV063,0.358233,13,0.695155,0.519231,13
AF061,JUV062,-0.021765,14,-0.088795,0.160714,14
AF061,JUV063,-0.016982,14,0.010312,0.214286,14
JUV062,JUV063,0.125936,13,0.128491,0.288462,13
